Workbook

Sheet Metod & intro
A1: Avoided emissions - Metod och introduktion
O2: Översikt över ark
O3: Results - analysis
O4: Base case - rivet bad med återbruk
O5: Base case - rivet bad
O6: M-TEK Manipulated
O7: M-Tett manipulated
O8: Results - analysis (t-km)
O9: Transport manipulated
O10: EPD data
O11: M-tett original
O12: M-Tek original
O13: Datagrunnlag
B34: Inkluderat
B35: Ej inkluderat
G42: * Ej inkluderat pga osäkerhet/försumbara utsläpp | Q42: * Ej inkluderat pga reparation ej antas påverka livslängd
M43: * Ej inkluderat pga osäkerhet & försumbara utsläpp

Sheet Resultat - M-tek
A1: Kalkylator - potentiella estimerade avoided emissions
A22: Antal kvadratmeter [fyll i her] | B22: 6
A25: Scenario 1 | J25: Ungått ubeboelighet | K25: M-tek ubeboelighet | L25: Bespart ubeboelighet | M25: Kostnad Rehab | N25: M-Tek KOST | O25: Bespart Kost | P25: Utslipp Rehab | Q25: M-tek Utslipp | R25: Ungåtte utslipp
B26: Materiale (A1-A4), kgCO2e | C26: Transport, kgCO2e | D26: Avfall (C1-C4), kgCO2e | E26: TOT emissions, kgCO2e
A27: Base case - Rive bad med gjenbruk | B27: ='Base case- rivet bad gjenbruk'!$R$34 -> 1248.4673 | C27: ='Transport manipulated'!J17 -> 276.48 | D27: ='Base case- rivet bad gjenbruk'!$S$34 -> 295.77719 | E27: =SUM(B27:D27) -> 1820.7245
A28: Case 1 M-tek | B28: ='M-TEK manipulated'!K45 -> 2.7722688 | C28: ='Transport manipulated'!J15 -> 9.216 | D28: ='M-TEK manipulated'!L45 -> 0.31166494 | E28: =SUM(B28:D28) -> 12.299934 | F28: Punkt 9000 uansett kvm | J28: 25 | K28: 1 | L28: =J28-K28 -> 24 | M28: {=XLOOKUP($B$22, 'Ark2'!A:A, 'Ark2'!C:C, "Ikke funnet")} -> 353000 | N28: 9000 | O28: =M28-N28 -> 344000 | P28: =E27 -> 1820.7245 | Q28: 12.3 | R28: =P28-Q28 -> 1808.4245
A29: Case 2 M-tek | B29: ='M-TEK manipulated'!$R$64 -> 191.85634 | C29: ='Transport manipulated'!J16 -> 36.864 | D29: ='M-TEK manipulated'!$S$64 -> 21.432258 | E29: =SUM(B29:D29) -> 250.1526 | F29: DROPPE
A36: Scenario 2
B37: Materiale (A1-A4), kgCO2e | C37: Transport, kgCO2e | D37: Avfall (C1-C4), kgCO2e | E37: TOT emissions, kgCO2e
A38: Base case - Rive bad med gjenbruk | B38: ='Base case- rivet bad gjenbruk'!$R$34 -> 1248.4673 | C38: ='Transport manipulated'!J17 -> 276.48 | D38: ='Base case- rivet bad gjenbruk'!$S$34 -> 295.77719 | E38: =SUM(B38:D38) -> 1820.7245
A39: Case 1 + 2 M-tek | B39: ='M-TEK manipulated'!K45+'M-TEK manipulated'!$R$64 -> 194.62861 | C39: ='Transport manipulated'!J15+'Transport manipulated'!J16 -> 46.08 | D39: ='M-TEK manipulated'!L45+'M-TEK manipulated'!$S$64 -> 21.743923 | E39: =SUM(B39:D39) -> 262.45253
A46: Scenario 3
B47: Materiale (A1-A4), kgCO2e | C47: Transport, kgCO2e | D47: Avfall (C1-C4), kgCO2e | E47: TOT emissions, kgCO2e
A48: Base case - Rive bad uten gjenbruk | B48: ='Base case- rivet bad'!$R$34 -> 1722.8765 | C48: ='Transport manipulated'!J18 -> 276.48 | D48: ='Base case- rivet bad'!$S$34 -> 300.65769 | E48: =SUM(B48:D48) -> 2300.0142
A49: Case 1 + 2 M-tek | B49: ='M-TEK manipulated'!K45+'M-TEK manipulated'!$R$64 -> 194.62861 | C49: ='Transport manipulated'!J15+'Transport manipulated'!J16 -> 46.08 | D49: ='M-TEK manipulated'!L45+'M-TEK manipulated'!$S$64 -> 21.743923 | E49: =SUM(B49:D49) -> 262.45253

Sheet Ark2
A2: 2 | B2: 25 | C2: 299000
A3: 3 | B3: 25 | C3: 312000
A4: 4 | B4: 25 | C4: 322000
A5: 5 | B5: 25 | C5: 338000
A6: 6 | B6: 25 | C6: 353000
A7: 7 | B7: 25 | C7: 368000
A8: 8 | B8: 25 | C8: 378000
A9: 9 | B9: 25 | C9: 398000
A10: 10 | B10: 25 | C10: 413000
A11: 11 | B11: 30 | C11: 428000
A12: 12 | B12: 30 | C12: 443000
A13: 13 | B13: 30 | C13: 443000
... A25: 25 | B25: 30 | C25: 543000
C26: 553000

Sheet Base case- rivet bad gjenbruk
A1: Base case: Rivet bad med gjenbruk
A3: Antal kvadratmeter | B3: ='Resultat - M-tek'!$B$22 -> 6
A5: Produkt- och viktinformation (data från M-Tett/M-Tek) | H5: EPD data | L5: Resultat per kvadratmeter | P5: Resultat per X kvadratmeter
A6: Produkt | B6: Material | C6: Vikt per kvadratmeter | D6: Vekt X m2 | E6: Enhet* | F6: Vekt 1 m2 | G6: Vekt i kg (X kvadratmeter) | H6: A1-A3 GWP (kgCO2e/kg)* | I6: A1-A4 GWP (kgCO2e/kg)* | J6: A4 GWP (kgCO2e/kg)* | K6: C1-C4 GWP (kgCO2e/kg)* | L6: A1-A3 KgCO2e/m2 | M6: A4 KgCO2e/m3 | N6: A1-A4 KgCO2e/m3 | O6: C1-C4 KgCO2e/m2 | P6: A1-A3 KgCO2e/ X m2 | Q6: A4 KgCO2e/ X m3 | R6: A1-A4 KgCO2e/X m2 | S6: C1-C4 KgCO2e/X m2 | T6: Källa | U6: Kommentar
A7: Sponplater | B7: Trevirke | C7: 10 | D7: =IF('Base case- rivet bad gjenbruk'!$E7="kg",'Base case- rivet bad gjenbruk'!$C7*$B$3,'Base case- rivet bad gjenbruk'!$C7) -> 60 | E7: kg | F7: {=IF('Base case- rivet bad gjenbruk'!$E7="kg",'Base case- rivet bad gjenbruk'!$C7,('Base case- rivet bad gjenbruk'!$C7*XLOOKUP('Base case- rivet bad gjenbruk'!$A7,'EPD data'!$A$4:$A$31,'EPD data'!$H$4:$H$31)))} -> 10 | G7: {=IF('Base case- rivet bad gjenbruk'!$E7="kg",'Base case- rivet bad gjenbruk'!$D7,('Base case- rivet bad gjenbruk'!$D7*XLOOKUP('Base case- rivet bad gjenbruk'!$A7,'EPD data'!$A$4:$A$31,'EPD data'!$H$4:$H$31)))} -> 60 | H7: {=IF('Base case- rivet bad gjenbruk'!$E7="kg",XLOOKUP(A7,'EPD data'!$A$4:$A$31,'EPD data'!$O$4:$O$31),XLOOKUP(A7,'EPD data'!$A$4:$A$31,'EPD data'!$J$4:$J$31))} -> 0.29440628 | I7: {=IF('Base case- rivet bad gjenbruk'!$E7="kg",XLOOKUP(A7,'EPD data'!$A$4:$A$31,'EPD data'!$Q$4:$Q$31),XLOOKUP('Base case- rivet bad gjenbruk'!$A7,'EPD data'!$A$4:$A$31,'EPD data'!$L$4:$L$31))} -> 0.31915984 | J7: {=IF('Base case- rivet bad gjenbruk'!$E7="kg",XLOOKUP('Base case- rivet bad gjenbruk'!$A7,'EPD data'!$A$4:$A$31,'EPD data'!$P$4:$P$31),XLOOKUP('Base case- rivet bad gjenbruk'!$A7,'EPD data'!$A$4:$A$31,'EPD data'!$K$4:$K$31))} -> 0.024753563 | K7: {=IF('Base case- rivet bad gjenbruk'!$E7="kg",XLOOKUP(A7,'EPD data'!$A$4:$A$31,'EPD data'!$R$4:$R$31),XLOOKUP('Base case- rivet bad gjenbruk'!$A7,'EPD data'!$A$4:$A$31,'EPD data'!$M$4:$M$31))} -> 0.18084906 | L7: ='Base case- rivet bad gjenbruk'!$H7*'Base case- rivet bad gjenbruk'!$C7 -> 2.9440628 | M7: ='Base case- rivet bad gjenbruk'!$J7*'Base case- rivet bad gjenbruk'!$C7 -> 0.24753563 | N7: =SUM('Base case- rivet bad gjenbruk'!$L7:$M7) -> 3.1915984 | O7: =IFERROR(K7*C7,0) -> 1.8084906 | P7: =IFERROR(H7*$D7,0) -> 17.664377 | Q7: =IFERROR('Base case- rivet bad gjenbruk'!$D7*'Base case- rivet bad gjenbruk'!$J7,0) -> 1.4852138 | R7: ='Base case- rivet bad gjenbruk'!$D7*'Base case- rivet bad gjenbruk'!$I7 -> 19.149591 | S7: ='Base case- rivet bad gjenbruk'!$K7*'Base case- rivet bad gjenbruk'!$D7 -> 10.850944 | T7: Spon | U7: .
A8: Konstruksjonsmaterialet | B8: Trevirke | C8: 13.2 | D8: =IF('Base case- rivet bad gjenbruk'!$E8="kg",'Base case- rivet bad gjenbruk'!$C8*$B$3,'Base case- rivet bad gjenbruk'!$C8) -> 79.2 | E8: kg | F8: {=IF('Base case- rivet bad gjenbruk'!$E8="kg",'Base case- rivet bad gjenbruk'!$C8,('Base case- rivet bad gjenbruk'!$C8*XLOOKUP('Base case- rivet bad gjenbruk'!$A8,'EPD data'!$A$4:$A$31,'EPD data'!$H$4:$H$31)))} -> 13.2 | G8: {=IF('Base case- rivet bad gjenbruk'!$E8="kg",'Base case- rivet bad gjenbruk'!$D8,('Base case- rivet bad gjenbruk'!$D8*XLOOKUP('Base case- rivet bad gjenbruk'!$A8,'EPD data'!$A$4:$A$31,'EPD data'!$H$4:$H$31)))} -> 79.2 | H8: {=IF('Base case- rivet bad gjenbruk'!$E8="kg",XLOOKUP(A8,'EPD data'!$A$4:$A$31,'EPD data'!$O$4:$O$31),XLOOKUP(A8,'EPD data'!$A$4:$A$31,'EPD data'!$J$4:$J$31))} -> 0.10004368 | I8: {=IF('Base case- rivet bad gjenbruk'!$E8="kg",XLOOKUP(A8,'EPD data'!$A$4:$A$31,'EPD data'!$Q$4:$Q$31),XLOOKUP('Base case- rivet bad gjenbruk'!$A8,'EPD data'!$A$4:$A$31,'EPD data'!$L$4:$L$31))} -> 0.10923688 | J8: {=IF('Base case- rivet bad gjenbruk'!$E8="kg",XLOOKUP('Base case- rivet bad gjenbruk'!$A8,'EPD data'!$A$4:$A$31,'EPD data'!$P$4:$P$31),XLOOKUP('Base case- rivet bad gjenbruk'!$A8,'EPD data'!$A$4:$A$31,'EPD data'!$K$4:$K$31))} -> 0.0091932029 | K8: {=IF('Base case- rivet bad gjenbruk'!$E8="kg",XLOOKUP(A8,'EPD data'!$A$4:$A$31,'EPD data'!$R$4:$R$31),XLOOKUP('Base case- rivet bad gjenbruk'!$A8,'EPD data'!$A$4:$A$31,'EPD data'!$M$4:$M$31))} -> 0.027639531 | L8: ='Base case- rivet bad gjenbruk'!$H8*'Base case- rivet bad gjenbruk'!$C8 -> 1.3205766 | M8: ='Base case- rivet bad gjenbruk'!$J8*'Base case- rivet bad gjenbruk'!$C8 -> 0.12135028 | N8: =SUM('Base case- rivet bad gjenbruk'!$L8:$M8) -> 1.4419268 | O8: =IFERROR(K8*C8,0) -> 0.36484181 | P8: =IFERROR(H8*$D8,0) -> 7.9234593 | Q8: =IFERROR('Base case- rivet bad gjenbruk'!$D8*'Base case- rivet bad gjenbruk'!$J8,0) -> 0.72810167 | R8: ='Base case- rivet bad gjenbruk'!$D8*'Base case- rivet bad gjenbruk'!$I8 -> 8.651561 | S8: ='Base case- rivet bad gjenbruk'!$K8*'Base case- rivet bad gjenbruk'!$D8 -> 2.1890508 | T8: Trevirke lekting | U8: .
A9: Rupanel | B9: Trevirke | C9: 36 | D9: =IF('Base case- rivet bad gjenbruk'!$E9="kg",'Base case- rivet bad gjenbruk'!$C9*$B$3,'Base case- rivet bad gjenbruk'!$C9) -> 216 | E9: kg | F9: {=IF('Base case- rivet bad gjenbruk'!$E9="kg",'Base case- rivet bad gjenbruk'!$C9,('Base case- rivet bad gjenbruk'!$C9*XLOOKUP('Base case- rivet bad gjenbruk'!$A9,'EPD data'!$A$4:$A$31,'EPD data'!$H$4:$H$31)))} -> 36 | G9: {=IF('Base case- rivet bad gjenbruk'!$E9="kg",'Base case- rivet bad gjenbruk'!$D9,('Base case- rivet bad gjenbruk'!$D9*XLOOKUP('Base case- rivet bad gjenbruk'!$A9,'EPD data'!$A$4:$A$31,'EPD data'!$H$4:$H$31)))} -> 216 | H9: {=IF('Base case- rivet bad gjenbruk'!$E9="kg",XLOOKUP(A9,'EPD data'!$A$4:$A$31,'EPD data'!$O$4:$O$31),XLOOKUP(A9,'EPD data'!$A$4:$A$31,'EPD data'!$J$4:$J$31))} -> 0.13605442 | I9: {=IF('Base case- rivet bad gjenbruk'!$E9="kg",XLOOKUP(A9,'EPD data'!$A$4:$A$31,'EPD data'!$Q$4:$Q$31),XLOOKUP('Base case- rivet bad gjenbruk'!$A9,'EPD data'!$A$4:$A$31,'EPD data'!$L$4:$L$31))} -> 0.1455102 | J9: {=IF('Base case- rivet bad gjenbruk'!$E9="kg",XLOOKUP('Base case- rivet bad gjenbruk'!$A9,'EPD data'!$A$4:$A$31,'EPD data'!$P$4:$P$31),XLOOKUP('Base case- rivet bad gjenbruk'!$A9,'EPD data'!$A$4:$A$31,'EPD data'!$K$4:$K$31))} -> 0.0094557823 | K9: {=IF('Base case- rivet bad gjenbruk'!$E9="kg",XLOOKUP(A9,'EPD data'!$A$4:$A$31,'EPD data'!$R$4:$R$31),XLOOKUP('Base case- rivet bad gjenbruk'!$A9,'EPD data'!$A$4:$A$31,'EPD data'!$M$4:$M$31))} -> 0.018975918 | L9: ='Base case- rivet bad gjenbruk'!$H9*'Base case- rivet bad gjenbruk'!$C9 -> 4.8979592 | M9: ='Base case- rivet bad gjenbruk'!$J9*'Base case- rivet bad gjenbruk'!$C9 -> 0.34040816 | N9: =SUM('Base case- rivet bad gjenbruk'!$L9:$M9) -> 5.2383673 | O9: =IFERROR(K9*C9,0) -> 0.68313306 | P9: =IFERROR(H9*$D9,0) -> 29.387755 | Q9: =IFERROR('Base case- rivet bad gjenbruk'!$D9*'Base case- rivet bad gjenbruk'!$J9,0) -> 2.042449 | R9: ='Base case- rivet bad gjenbruk'!$D9*'Base case- rivet bad gjenbruk'!$I9 -> 31.430204 | S9: ='Base case- rivet bad gjenbruk'!$K9*'Base case- rivet bad gjenbruk'!$D9 -> 4.0987984 | T9: Rupanel | U9: .
A10: Membran plater | B10: XPS og glassfiber | C10: 8.8 | D10: =IF('Base case- rivet bad gjenbruk'!$E10="kg",'Base case- rivet bad gjenbruk'!$C10*$B$3,'Base case- rivet bad gjenbruk'!$C10) -> 52.8 | E10: kg | F10: {=IF('Base case- rivet bad gjenbruk'!$E10="kg",'Base case- rivet bad gjenbruk'!$C10,('Base case- rivet bad gjenbruk'!$C10*XLOOKUP('Base case- rivet bad gjenbruk'!$A10,'EPD data'!$A$4:$A$31,'EPD data'!$H$4:$H$31)))} -> 8.8 | G10: {=IF('Base case- rivet bad gjenbruk'!$E10="kg",'Base case- rivet bad gjenbruk'!$D10,('Base case- rivet bad gjenbruk'!$D10*XLOOKUP('Base case- rivet bad gjenbruk'!$A10,'EPD data'!$A$4:$A$31,'EPD data'!$H$4:$H$31)))} -> 52.8 | H10: {=IF('Base case- rivet bad gjenbruk'!$E10="kg",XLOOKUP(A10,'EPD data'!$A$4:$A$31,'EPD data'!$O$4:$O$31),XLOOKUP(A10,'EPD data'!$A$4:$A$31,'EPD data'!$J$4:$J$31))} -> 7.5428571 | I10: {=IF('Base case- rivet bad gjenbruk'!$E10="kg",XLOOKUP(A10,'EPD data'!$A$4:$A$31,'EPD data'!$Q$4:$Q$31),XLOOKUP('Base case- rivet bad gjenbruk'!$A10,'EPD data'!$A$4:$A$31,'EPD data'!$L$4:$L$31))} -> 7.5917714 | J10: {=IF('Base case- rivet bad gjenbruk'!$E10="kg",XLOOKUP('Base case- rivet bad gjenbruk'!$A10,'EPD data'!$A$4:$A$31,'EPD data'!$P$4:$P$31),XLOOKUP('Base case- rivet bad gjenbruk'!$A10,'EPD data'!$A$4:$A$31,'EPD data'!$K$4:$K$31))} -> 0.048914286 | K10: {=IF('Base case- rivet bad gjenbruk'!$E10="kg",XLOOKUP(A10,'EPD data'!$A$4:$A$31,'EPD data'!$R$4:$R$31),XLOOKUP('Base case- rivet bad gjenbruk'!$A10,'EPD data'!$A$4:$A$31,'EPD data'!$M$4:$M$31))} -> 2.3287657 | L10: ='Base case- rivet bad gjenbruk'!$H10*'Base case- rivet bad gjenbruk'!$C10 -> 66.377143 | M10: ='Base case- rivet bad gjenbruk'!$J10*'Base case- rivet bad gjenbruk'!$C10 -> 0.43044571 | N10: =SUM('Base case- rivet bad gjenbruk'!$L10:$M10) -> 66.807589 | O10: =IFERROR(K10*C10,0) -> 20.493138 | P10: =IFERROR(H10*$D10,0) -> 398.26286 | Q10: =IFERROR('Base case- rivet bad gjenbruk'!$D10*'Base case- rivet bad gjenbruk'!$J10,0) -> 2.5826743 | R10: ='Base case- rivet bad gjenbruk'!$D10*'Base case- rivet bad gjenbruk'!$I10 -> 400.84553 | S10: ='Base case- rivet bad gjenbruk'!$K10*'Base case- rivet bad gjenbruk'!$D10 -> 122.95883 | T10: Litex våtromsplate | U10: .
A11: Isolasjon | B11: Rockwool | C11: 2.8 | D11: =IF('Base case- rivet bad gjenbruk'!$E11="kg",'Base case- rivet bad gjenbruk'!$C11*$B$3,'Base case- rivet bad gjenbruk'!$C11) -> 16.8 | E11: kg | F11: {=IF('Base case- rivet bad gjenbruk'!$E11="kg",'Base case- rivet bad gjenbruk'!$C11,('Base case- rivet bad gjenbruk'!$C11*XLOOKUP('Base case- rivet bad gjenbruk'!$A11,'EPD data'!$A$4:$A$31,'EPD data'!$H$4:$H$31)))} -> 2.8 | G11: {=IF('Base case- rivet bad gjenbruk'!$E11="kg",'Base case- rivet bad gjenbruk'!$D11,('Base case- rivet bad gjenbruk'!$D11*XLOOKUP('Base case- rivet bad gjenbruk'!$A11,'EPD data'!$A$4:$A$31,'EPD data'!$H$4:$H$31)))} -> 16.8 | H11: {=IF('Base case- rivet bad gjenbruk'!$E11="kg",XLOOKUP(A11,'EPD data'!$A$4:$A$31,'EPD data'!$O$4:$O$31),XLOOKUP(A11,'EPD data'!$A$4:$A$31,'EPD data'!$J$4:$J$31))} -> 0.97241379 | I11: {=IF('Base case- rivet bad gjenbruk'!$E11="kg",XLOOKUP(A11,'EPD data'!$A$4:$A$31,'EPD data'!$Q$4:$Q$31),XLOOKUP('Base case- rivet bad gjenbruk'!$A11,'EPD data'!$A$4:$A$31,'EPD data'!$L$4:$L$31))} -> 1.007931 | J11: {=IF('Base case- rivet bad gjenbruk'!$E11="kg",XLOOKUP('Base case- rivet bad gjenbruk'!$A11,'EPD data'!$A$4:$A$31,'EPD data'!$P$4:$P$31),XLOOKUP('Base case- rivet bad gjenbruk'!$A11,'EPD data'!$A$4:$A$31,'EPD data'!$K$4:$K$31))} -> 0.035517241 | K11: {=IF('Base case- rivet bad gjenbruk'!$E11="kg",XLOOKUP(A11,'EPD data'!$A$4:$A$31,'EPD data'!$R$4:$R$31),XLOOKUP('Base case- rivet bad gjenbruk'!$A11,'EPD data'!$A$4:$A$31,'EPD data'!$M$4:$M$31))} -> 0.017517241 | L11: ='Base case- rivet bad gjenbruk'!$H11*'Base case- rivet bad gjenbruk'!$C11 -> 2.7227586 | M11: ='Base case- rivet bad gjenbruk'!$J11*'Base case- rivet bad gjenbruk'!$C11 -> 0.099448276 | N11: =SUM('Base case- rivet bad gjenbruk'!$L11:$M11) -> 2.8222069 | O11: =IFERROR(K11*C11,0) -> 0.049048276 | P11: =IFERROR(H11*$D11,0) -> 16.336552 | Q11: =IFERROR('Base case- rivet bad gjenbruk'!$D11*'Base case- rivet bad gjenbruk'!$J11,0) -> 0.59668966 | R11: ='Base case- rivet bad gjenbruk'!$D11*'Base case- rivet bad gjenbruk'!$I11 -> 16.933241 | S11: ='Base case- rivet bad gjenbruk'!$K11*'Base case- rivet bad gjenbruk'!$D11 -> 0.29428966 | T11: rockwool | U11: .
A12: Sparkel | B12: Jotun våtromsparkel | C12: 1 | D12: =IF('Base case- rivet bad gjenbruk'!$E12="kg",'Base case- rivet bad gjenbruk'!$C12*$B$3,'Base case- rivet bad gjenbruk'!$C12) -> 6 | E12: kg | F12: {=IF('Base case- rivet bad gjenbruk'!$E12="kg",'Base case- rivet bad gjenbruk'!$C12,('Base case- rivet bad gjenbruk'!$C12*XLOOKUP('Base case- rivet bad gjenbruk'!$A12,'EPD data'!$A$4:$A$31,'EPD data'!$H$4:$H$31)))} -> 1 | G12: {=IF('Base case- rivet bad gjenbruk'!$E12="kg",'Base case- rivet bad gjenbruk'!$D12,('Base case- rivet bad gjenbruk'!$D12*XLOOKUP('Base case- rivet bad gjenbruk'!$A12,'EPD data'!$A$4:$A$31,'EPD data'!$H$4:$H$31)))} -> 6 | H12: {=IF('Base case- rivet bad gjenbruk'!$E12="kg",XLOOKUP(A12,'EPD data'!$A$4:$A$31,'EPD data'!$O$4:$O$31),XLOOKUP(A12,'EPD data'!$A$4:$A$31,'EPD data'!$J$4:$J$31))} -> 2.6628 | I12: {=IF('Base case- rivet bad gjenbruk'!$E12="kg",XLOOKUP(A12,'EPD data'!$A$4:$A$31,'EPD data'!$Q$4:$Q$31),XLOOKUP('Base case- rivet bad gjenbruk'!$A12,'EPD data'!$A$4:$A$31,'EPD data'!$L$4:$L$31))} -> 2.6628 | J12: {=IF('Base case- rivet bad gjenbruk'!$E12="kg",XLOOKUP('Base case- rivet bad gjenbruk'!$A12,'EPD data'!$A$4:$A$31,'EPD data'!$P$4:$P$31),XLOOKUP('Base case- rivet bad gjenbruk'!$A12,'EPD data'!$A$4:$A$31,'EPD data'!$K$4:$K$31))} -> 0 | K12: {=IF('Base case- rivet bad gjenbruk'!$E12="kg",XLOOKUP(A12,'EPD data'!$A$4:$A$31,'EPD data'!$R$4:$R$31),XLOOKUP('Base case- rivet bad gjenbruk'!$A12,'EPD data'!$A$4:$A$31,'EPD data'!$M$4:$M$31))} -> 0 | L12: ='Base case- rivet bad gjenbruk'!$H12*'Base case- rivet bad gjenbruk'!$C12 -> 2.6628 | M12: ='Base case- rivet bad gjenbruk'!$J12*'Base case- rivet bad gjenbruk'!$C12 -> 0 | N12: =SUM('Base case- rivet bad gjenbruk'!$L12:$M12) -> 2.6628 | O12: =IFERROR(K12*C12,0) -> 0 | P12: =IFERROR(H12*$D12,0) -> 15.9768 | Q12: =IFERROR('Base case- rivet bad gjenbruk'!$D12*'Base case- rivet bad gjenbruk'!$J12,0) -> 0 | R12: ='Base case- rivet bad gjenbruk'!$D12*'Base case- rivet bad gjenbruk'!$I12 -> 15.9768 | S12: =IFERROR('Base case- rivet bad gjenbruk'!$K12*'Base case- rivet bad gjenbruk'!$D12,0) -> 0 | T12: jotun våtromsparkel | U12: .
A13: Baderomsstøp | B13: Avrettingsmasse | C13: 22.5 | D13: =IF('Base case- rivet bad gjenbruk'!$E13="kg",'Base case- rivet bad gjenbruk'!$C13*$B$3,'Base case- rivet bad gjenbruk'!$C13) -> 135 | E13: kg | F13: {=IF('Base case- rivet bad gjenbruk'!$E13="kg",'Base case- rivet bad gjenbruk'!$C13,('Base case- rivet bad gjenbruk'!$C13*XLOOKUP('Base case- rivet bad gjenbruk'!$A13,'EPD data'!$A$4:$A$31,'EPD data'!$H$4:$H$31)))} -> 22.5 | G13: {=IF('Base case- rivet bad gjenbruk'!$E13="kg",'Base case- rivet bad gjenbruk'!$D13,('Base case- rivet bad gjenbruk'!$D13*XLOOKUP('Base case- rivet bad gjenbruk'!$A13,'EPD data'!$A$4:$A$31,'EPD data'!$H$4:$H$31)))} -> 135 | H13: {=IF('Base case- rivet bad gjenbruk'!$E13="kg",XLOOKUP(A13,'EPD data'!$A$4:$A$31,'EPD data'!$O$4:$O$31),XLOOKUP(A13,'EPD data'!$A$4:$A$31,'EPD data'!$J$4:$J$31))} -> 0.171 | I13: {=IF('Base case- rivet bad gjenbruk'!$E13="kg",XLOOKUP(A13,'EPD data'!$A$4:$A$31,'EPD data'!$Q$4:$Q$31),XLOOKUP('Base case- rivet bad gjenbruk'!$A13,'EPD data'!$A$4:$A$31,'EPD data'!$L$4:$L$31))} -> 0.171 | J13: {=IF('Base case- rivet bad gjenbruk'!$E13="kg",XLOOKUP('Base case- rivet bad gjenbruk'!$A13,'EPD data'!$A$4:$A$31,'EPD data'!$P$4:$P$31),XLOOKUP('Base case- rivet bad gjenbruk'!$A13,'EPD data'!$A$4:$A$31,'EPD data'!$K$4:$K$31))} -> 0 | K13: {=IF('Base case- rivet bad gjenbruk'!$E13="kg",XLOOKUP(A13,'EPD data'!$A$4:$A$31,'EPD data'!$R$4:$R$31),XLOOKUP('Base case- rivet bad gjenbruk'!$A13,'EPD data'!$A$4:$A$31,'EPD data'!$M$4:$M$31))} -> 0 | L13: ='Base case- rivet bad gjenbruk'!$H13*'Base case- rivet bad gjenbruk'!$C13 -> 3.8475 | M13: ='Base case- rivet bad gjenbruk'!$J13*'Base case- rivet bad gjenbruk'!$C13 -> 0 | N13: =SUM('Base case- rivet bad gjenbruk'!$L13:$M13) -> 3.8475 | O13: =IFERROR(K13*C13,0) -> 0 | P13: =IFERROR(H13*$D13,0) -> 23.085 | Q13: =IFERROR('Base case- rivet bad gjenbruk'!$D13*'Base case- rivet bad gjenbruk'!$J13,0) -> 0 | R13: ='Base case- rivet bad gjenbruk'!$D13*'Base case- rivet bad gjenbruk'!$I13 -> 23.085 | S13: =IFERROR('Base case- rivet bad gjenbruk'!$K13*'Base case- rivet bad gjenbruk'!$D13,0) -> 0 | T13: avrettingsmasse (Proplan Basic) | U13: .
A14: Armering | B14: Stål | C14: 2.4 | D14: =IF('Base case- rivet bad gjenbruk'!$E14="kg",'Base case- rivet bad gjenbruk'!$C14*$B$3,'Base case- rivet bad gjenbruk'!$C14) -> 14.4 | E14: kg | F14: {=IF('Base case- rivet bad gjenbruk'!$E14="kg",'Base case- rivet bad gjenbruk'!$C14,('Base case- rivet bad gjenbruk'!$C14*XLOOKUP('Base case- rivet bad gjenbruk'!$A14,'EPD data'!$A$4:$A$31,'EPD data'!$H$4:$H$31)))} -> 2.4 | G14: {=IF('Base case- rivet bad gjenbruk'!$E14="kg",'Base case- rivet bad gjenbruk'!$D14,('Base case- rivet bad gjenbruk'!$D14*XLOOKUP('Base case- rivet bad gjenbruk'!$A14,'EPD data'!$A$4:$A$31,'EPD data'!$H$4:$H$31)))} -> 14.4 | H14: {=IF('Base case- rivet bad gjenbruk'!$E14="kg",XLOOKUP(A14,'EPD data'!$A$4:$A$31,'EPD data'!$O$4:$O$31),XLOOKUP(A14,'EPD data'!$A$4:$A$31,'EPD data'!$J$4:$J$31))} -> 0.393 | I14: {=IF('Base case- rivet bad gjenbruk'!$E14="kg",XLOOKUP(A14,'EPD data'!$A$4:$A$31,'EPD data'!$Q$4:$Q$31),XLOOKUP('Base case- rivet bad gjenbruk'!$A14,'EPD data'!$A$4:$A$31,'EPD data'!$L$4:$L$31))} -> 0.4032 | J14: {=IF('Base case- rivet bad gjenbruk'!$E14="kg",XLOOKUP('Base case- rivet bad gjenbruk'!$A14,'EPD data'!$A$4:$A$31,'EPD data'!$P$4:$P$31),XLOOKUP('Base case- rivet bad gjenbruk'!$A14,'EPD data'!$A$4:$A$31,'EPD data'!$K$4:$K$31))} -> 0.0102 | K14: {=IF('Base case- rivet bad gjenbruk'!$E14="kg",XLOOKUP(A14,'EPD data'!$A$4:$A$31,'EPD data'!$R$4:$R$31),XLOOKUP('Base case- rivet bad gjenbruk'!$A14,'EPD data'!$A$4:$A$31,'EPD data'!$M$4:$M$31))} -> 0.067994 | L14: ='Base case- rivet bad gjenbruk'!$H14*'Base case- rivet bad gjenbruk'!$C14 -> 0.9432 | M14: ='Base case- rivet bad gjenbruk'!$J14*'Base case- rivet bad gjenbruk'!$C14 -> 0.02448 | N14: =SUM('Base case- rivet bad gjenbruk'!$L14:$M14) -> 0.96768 | O14: =IFERROR(K14*C14,0) -> 0.1631856 | P14: =IFERROR(H14*$D14,0) -> 5.6592 | Q14: =IFERROR('Base case- rivet bad gjenbruk'!$D14*'Base case- rivet bad gjenbruk'!$J14,0) -> 0.14688 | R14: ='Base case- rivet bad gjenbruk'!$D14*'Base case- rivet bad gjenbruk'!$I14 -> 5.80608 | S14: ='Base case- rivet bad gjenbruk'!$K14*'Base case- rivet bad gjenbruk'!$D14 -> 0.9791136 | T14: Armeringsnett | U14: .
A15: Varmekabler med feste | B15: Plast og kobber | C15: 2.4 | D15: =IF('Base case- rivet bad gjenbruk'!$E15="kg",'Base case- rivet bad gjenbruk'!$C15*$B$3,'Base case- rivet bad gjenbruk'!$C15) -> 14.4 | E15: kg | F15: {=IF('Base case- rivet bad gjenbruk'!$E15="kg",'Base case- rivet bad gjenbruk'!$C15,('Base case- rivet bad gjenbruk'!$C15*XLOOKUP('Base case- rivet bad gjenbruk'!$A15,'EPD data'!$A$4:$A$31,'EPD data'!$H$4:$H$31)))} -> 2.4 | G15: {=IF('Base case- rivet bad gjenbruk'!$E15="kg",'Base case- rivet bad gjenbruk'!$D15,('Base case- rivet bad gjenbruk'!$D15*XLOOKUP('Base case- rivet bad gjenbruk'!$A15,'EPD data'!$A$4:$A$31,'EPD data'!$H$4:$H$31)))} -> 14.4 | H15: {=IF('Base case- rivet bad gjenbruk'!$E15="kg",XLOOKUP(A15,'EPD data'!$A$4:$A$31,'EPD data'!$O$4:$O$31),XLOOKUP(A15,'EPD data'!$A$4:$A$31,'EPD data'!$J$4:$J$31))} -> 4.5378151 | I15: {=IF('Base case- rivet bad gjenbruk'!$E15="kg",XLOOKUP(A15,'EPD data'!$A$4:$A$31,'EPD data'!$Q$4:$Q$31),XLOOKUP('Base case- rivet bad gjenbruk'!$A15,'EPD data'!$A$4:$A$31,'EPD data'!$L$4:$L$31))} -> 4.6011204 | J15: {=IF('Base case- rivet bad gjenbruk'!$E15="kg",XLOOKUP('Base case- rivet bad gjenbruk'!$A15,'EPD data'!$A$4:$A$31,'EPD data'!$P$4:$P$31),XLOOKUP('Base case- rivet bad gjenbruk'!$A15,'EPD data'!$A$4:$A$31,'EPD data'!$K$4:$K$31))} -> 0.063305322 | K15: {=IF('Base case- rivet bad gjenbruk'!$E15="kg",XLOOKUP(A15,'EPD data'!$A$4:$A$31,'EPD data'!$R$4:$R$31),XLOOKUP('Base case- rivet bad gjenbruk'!$A15,'EPD data'!$A$4:$A$31,'EPD data'!$M$4:$M$31))} -> 0.8642409 | L15: ='Base case- rivet bad gjenbruk'!$H15*'Base case- rivet bad gjenbruk'!$C15 -> 10.890756 | M15: ='Base case- rivet bad gjenbruk'!$J15*'Base case- rivet bad gjenbruk'!$C15 -> 0.15193277 | N15: =SUM('Base case- rivet bad gjenbruk'!$L15:$M15) -> 11.042689 | O15: =IFERROR(K15*C15,0) -> 2.0741782 | P15: =IFERROR(H15*$D15,0) -> 65.344538 | Q15: =IFERROR('Base case- rivet bad gjenbruk'!$D15*'Base case- rivet bad gjenbruk'!$J15,0) -> 0.91159664 | R15: ='Base case- rivet bad gjenbruk'!$D15*'Base case- rivet bad gjenbruk'!$I15 -> 66.256134 | S15: ='Base case- rivet bad gjenbruk'!$K15*'Base case- rivet bad gjenbruk'!$D15 -> 12.445069 | T15: Varmekabel ØS varme | U15: .
A16: Gips i taket | B16: Gips | C16: 18.6 | D16: =IF('Base case- rivet bad gjenbruk'!$E16="kg",'Base case- rivet bad gjenbruk'!$C16*$B$3,'Base case- rivet bad gjenbruk'!$C16) -> 111.6 | E16: kg | F16: {=IF('Base case- rivet bad gjenbruk'!$E16="kg",'Base case- rivet bad gjenbruk'!$C16,('Base case- rivet bad gjenbruk'!$C16*XLOOKUP('Base case- rivet bad gjenbruk'!$A16,'EPD data'!$A$4:$A$31,'EPD data'!$H$4:$H$31)))} -> 18.6 | G16: {=IF('Base case- rivet bad gjenbruk'!$E16="kg",'Base case- rivet bad gjenbruk'!$D16,('Base case- rivet bad gjenbruk'!$D16*XLOOKUP('Base case- rivet bad gjenbruk'!$A16,'EPD data'!$A$4:$A$31,'EPD data'!$H$4:$H$31)))} -> 111.6 | H16: {=IF('Base case- rivet bad gjenbruk'!$E16="kg",XLOOKUP(A16,'EPD data'!$A$4:$A$31,'EPD data'!$O$4:$O$31),XLOOKUP(A16,'EPD data'!$A$4:$A$31,'EPD data'!$J$4:$J$31))} -> 0.17919531 | I16: {=IF('Base case- rivet bad gjenbruk'!$E16="kg",XLOOKUP(A16,'EPD data'!$A$4:$A$31,'EPD data'!$Q$4:$Q$31),XLOOKUP('Base case- rivet bad gjenbruk'!$A16,'EPD data'!$A$4:$A$31,'EPD data'!$L$4:$L$31))} -> 0.20872309 | J16: {=IF('Base case- rivet bad gjenbruk'!$E16="kg",XLOOKUP('Base case- rivet bad gjenbruk'!$A16,'EPD data'!$A$4:$A$31,'EPD data'!$P$4:$P$31),XLOOKUP('Base case- rivet bad gjenbruk'!$A16,'EPD data'!$A$4:$A$31,'EPD data'!$K$4:$K$31))} -> 0.029527781 | K16: {=IF('Base case- rivet bad gjenbruk'!$E16="kg",XLOOKUP(A16,'EPD data'!$A$4:$A$31,'EPD data'!$R$4:$R$31),XLOOKUP('Base case- rivet bad gjenbruk'!$A16,'EPD data'!$A$4:$A$31,'EPD data'!$M$4:$M$31))} -> 0.10180781 | L16: ='Base case- rivet bad gjenbruk'!$H16*'Base case- rivet bad gjenbruk'!$C16 -> 3.3330328 | M16: ='Base case- rivet bad gjenbruk'!$J16*'Base case- rivet bad gjenbruk'!$C16 -> 0.54921672 | N16: =SUM('Base case- rivet bad gjenbruk'!$L16:$M16) -> 3.8822495 | O16: =IFERROR(K16*C16,0) -> 1.8936253 | P16: =IFERROR(H16*$D16,0) -> 19.998197 | Q16: =IFERROR('Base case- rivet bad gjenbruk'!$D16*'Base case- rivet bad gjenbruk'!$J16,0) -> 3.2953003 | R16: ='Base case- rivet bad gjenbruk'!$D16*'Base case- rivet bad gjenbruk'!$I16 -> 23.293497 | S16: ='Base case- rivet bad gjenbruk'!$K16*'Base case- rivet bad gjenbruk'!$D16 -> 11.361752 | T16: Gipsplate | U16: .
A17: Masnejtter og tape | B17: Plast | C17: 0.2 | D17: =IF('Base case- rivet bad gjenbruk'!$E17="kg",'Base case- rivet bad gjenbruk'!$C17*$B$3,'Base case- rivet bad gjenbruk'!$C17) -> 1.2 | E17: kg | F17: {=IF('Base case- rivet bad gjenbruk'!$E17="kg",'Base case- rivet bad gjenbruk'!$C17,('Base case- rivet bad gjenbruk'!$C17*XLOOKUP('Base case- rivet bad gjenbruk'!$A17,'EPD data'!$A$4:$A$31,'EPD data'!$H$4:$H$31)))} -> 0.2 | G17: {=IF('Base case- rivet bad gjenbruk'!$E17="kg",'Base case- rivet bad gjenbruk'!$D17,('Base case- rivet bad gjenbruk'!$D17*XLOOKUP('Base case- rivet bad gjenbruk'!$A17,'EPD data'!$A$4:$A$31,'EPD data'!$H$4:$H$31)))} -> 1.2 | H17: {=IF('Base case- rivet bad gjenbruk'!$E17="kg",XLOOKUP(A17,'EPD data'!$A$4:$A$31,'EPD data'!$O$4:$O$31),XLOOKUP(A17,'EPD data'!$A$4:$A$31,'EPD data'!$J$4:$J$31))} -> 4.0233 | I17: {=IF('Base case- rivet bad gjenbruk'!$E17="kg",XLOOKUP(A17,'EPD data'!$A$4:$A$31,'EPD data'!$Q$4:$Q$31),XLOOKUP('Base case- rivet bad gjenbruk'!$A17,'EPD data'!$A$4:$A$31,'EPD data'!$L$4:$L$31))} -> 4.0233 | J17: {=IF('Base case- rivet bad gjenbruk'!$E17="kg",XLOOKUP('Base case- rivet bad gjenbruk'!$A17,'EPD data'!$A$4:$A$31,'EPD data'!$P$4:$P$31),XLOOKUP('Base case- rivet bad gjenbruk'!$A17,'EPD data'!$A$4:$A$31,'EPD data'!$K$4:$K$31))} -> 0 | K17: {=IF('Base case- rivet bad gjenbruk'!$E17="kg",XLOOKUP(A17,'EPD data'!$A$4:$A$31,'EPD data'!$R$4:$R$31),XLOOKUP('Base case- rivet bad gjenbruk'!$A17,'EPD data'!$A$4:$A$31,'EPD data'!$M$4:$M$31))} -> 0 | L17: ='Base case- rivet bad gjenbruk'!$H17*'Base case- rivet bad gjenbruk'!$C17 -> 0.80466 | M17: ='Base case- rivet bad gjenbruk'!$J17*'Base case- rivet bad gjenbruk'!$C17 -> 0 | N17: =SUM('Base case- rivet bad gjenbruk'!$L17:$M17) -> 0.80466 | O17: =IFERROR(K17*C17,0) -> 0 | P17: =IFERROR(H17*$D17,0) -> 4.82796 | Q17: =IFERROR('Base case- rivet bad gjenbruk'!$D17*'Base case- rivet bad gjenbruk'!$J17,0) -> 0 | R17: ='Base case- rivet bad gjenbruk'!$D17*'Base case- rivet bad gjenbruk'!$I17 -> 4.82796 | S17: =IFERROR(O17*$D$17,0) -> 0 | T17: slukmansjett (PCI_Pecitape) | U17: Notera: utsläpp estimerat per material då ingen EPD fanns tillgänglig. Därav är A4+C1-C4 ej inkluderat.
A18: Smøremembran | C18: 2.4 | D18: =IF('Base case- rivet bad gjenbruk'!$E18="kg",'Base case- rivet bad gjenbruk'!$C18*$B$3,'Base case- rivet bad gjenbruk'!$C18) -> 14.4 | E18: kg | F18: {=IF('Base case- rivet bad gjenbruk'!$E18="kg",'Base case- rivet bad gjenbruk'!$C18,('Base case- rivet bad gjenbruk'!$C18*XLOOKUP('Base case- rivet bad gjenbruk'!$A18,'EPD data'!$A$4:$A$31,'EPD data'!$H$4:$H$31)))} -> 2.4 | G18: {=IF('Base case- rivet bad gjenbruk'!$E18="kg",'Base case- rivet bad gjenbruk'!$D18,('Base case- rivet bad gjenbruk'!$D18*XLOOKUP('Base case- rivet bad gjenbruk'!$A18,'EPD data'!$A$4:$A$31,'EPD data'!$H$4:$H$31)))} -> 14.4 | H18: {=IF('Base case- rivet bad gjenbruk'!$E18="kg",XLOOKUP(A18,'EPD data'!$A$4:$A$31,'EPD data'!$O$4:$O$31),XLOOKUP(A18,'EPD data'!$A$4:$A$31,'EPD data'!$J$4:$J$31))} -> 1.36 | I18: {=IF('Base case- rivet bad gjenbruk'!$E18="kg",XLOOKUP(A18,'EPD data'!$A$4:$A$31,'EPD data'!$Q$4:$Q$31),XLOOKUP('Base case- rivet bad gjenbruk'!$A18,'EPD data'!$A$4:$A$31,'EPD data'!$L$4:$L$31))} -> 1.4106 | J18: {=IF('Base case- rivet bad gjenbruk'!$E18="kg",XLOOKUP('Base case- rivet bad gjenbruk'!$A18,'EPD data'!$A$4:$A$31,'EPD data'!$P$4:$P$31),XLOOKUP('Base case- rivet bad gjenbruk'!$A18,'EPD data'!$A$4:$A$31,'EPD data'!$K$4:$K$31))} -> 0.0506 | K18: {=IF('Base case- rivet bad gjenbruk'!$E18="kg",XLOOKUP(A18,'EPD data'!$A$4:$A$31,'EPD data'!$R$4:$R$31),XLOOKUP('Base case- rivet bad gjenbruk'!$A18,'EPD data'!$A$4:$A$31,'EPD data'!$M$4:$M$31))} -> 0.441066 | L18: ='Base case- rivet bad gjenbruk'!$H18*'Base case- rivet bad gjenbruk'!$C18 -> 3.264 | M18: ='Base case- rivet bad gjenbruk'!$J18*'Base case- rivet bad gjenbruk'!$C18 -> 0.12144 | N18: =SUM('Base case- rivet bad gjenbruk'!$L18:$M18) -> 3.38544 | O18: =IFERROR(K18*C18,0) -> 1.0585584 | P18: =IFERROR(H18*$D18,0) -> 19.584 | Q18: =IFERROR('Base case- rivet bad gjenbruk'!$D18*'Base case- rivet bad gjenbruk'!$J18,0) -> 0.72864 | R18: ='Base case- rivet bad gjenbruk'!$D18*'Base case- rivet bad gjenbruk'!$I18 -> 20.31264 | S18: ='Base case- rivet bad gjenbruk'!$K18*'Base case- rivet bad gjenbruk'!$D18 -> 6.3513504 | T18: PCI membran (Lastogum) | U18: .
A19: Vann og avløpsrør | B19: Plast | C19: 4.8 | D19: =IF('Base case- rivet bad gjenbruk'!$E19="kg",'Base case- rivet bad gjenbruk'!$C19*$B$3,'Base case- rivet bad gjenbruk'!$C19) -> 28.8 | E19: kg | F19: {=IF('Base case- rivet bad gjenbruk'!$E19="kg",'Base case- rivet bad gjenbruk'!$C19,('Base case- rivet bad gjenbruk'!$C19*XLOOKUP('Base case- rivet bad gjenbruk'!$A19,'EPD data'!$A$4:$A$31,'EPD data'!$H$4:$H$31)))} -> 4.8 | G19: {=IF('Base case- rivet bad gjenbruk'!$E19="kg",'Base case- rivet bad gjenbruk'!$D19,('Base case- rivet bad gjenbruk'!$D19*XLOOKUP('Base case- rivet bad gjenbruk'!$A19,'EPD data'!$A$4:$A$31,'EPD data'!$H$4:$H$31)))} -> 28.8 | H19: {=IF('Base case- rivet bad gjenbruk'!$E19="kg",XLOOKUP(A19,'EPD data'!$A$4:$A$31,'EPD data'!$O$4:$O$31),XLOOKUP(A19,'EPD data'!$A$4:$A$31,'EPD data'!$J$4:$J$31))} -> 3.1 | I19: {=IF('Base case- rivet bad gjenbruk'!$E19="kg",XLOOKUP(A19,'EPD data'!$A$4:$A$31,'EPD data'!$Q$4:$Q$31),XLOOKUP('Base case- rivet bad gjenbruk'!$A19,'EPD data'!$A$4:$A$31,'EPD data'!$L$4:$L$31))} -> 3.344 | J19: {=IF('Base case- rivet bad gjenbruk'!$E19="kg",XLOOKUP('Base case- rivet bad gjenbruk'!$A19,'EPD data'!$A$4:$A$31,'EPD data'!$P$4:$P$31),XLOOKUP('Base case- rivet bad gjenbruk'!$A19,'EPD data'!$A$4:$A$31,'EPD data'!$K$4:$K$31))} -> 0.244 | K19: {=IF('Base case- rivet bad gjenbruk'!$E19="kg",XLOOKUP(A19,'EPD data'!$A$4:$A$31,'EPD data'!$R$4:$R$31),XLOOKUP('Base case- rivet bad gjenbruk'!$A19,'EPD data'!$A$4:$A$31,'EPD data'!$M$4:$M$31))} -> 3.03866 | L19: ='Base case- rivet bad gjenbruk'!$H19*'Base case- rivet bad gjenbruk'!$C19 -> 14.88 | M19: ='Base case- rivet bad gjenbruk'!$J19*'Base case- rivet bad gjenbruk'!$C19 -> 1.1712 | N19: =SUM('Base case- rivet bad gjenbruk'!$L19:$M19) -> 16.0512 | O19: =IFERROR(K19*C19,0) -> 14.585568 | P19: =IFERROR(H19*$D19,0) -> 89.28 | Q19: =IFERROR('Base case- rivet bad gjenbruk'!$D19*'Base case- rivet bad gjenbruk'!$J19,0) -> 7.0272 | R19: ='Base case- rivet bad gjenbruk'!$D19*'Base case- rivet bad gjenbruk'!$I19 -> 96.3072 | S19: ='Base case- rivet bad gjenbruk'!$K19*'Base case- rivet bad gjenbruk'!$D19 -> 87.513408 | T19: Rør i rør system roth mulitiplex | U19: .
A20: Elektro, ledninger og stikk og belysning | B20: Plast, kobber stål | C20: See below | D20: =IF('Base case- rivet bad gjenbruk'!$E20="kg",'Base case- rivet bad gjenbruk'!$C20*$B$3,'Base case- rivet bad gjenbruk'!$C20) -> See below | N20: =SUM('Base case- rivet bad gjenbruk'!$L20:$M20) -> 0 | Q20: =IFERROR('Base case- rivet bad gjenbruk'!$D20*'Base case- rivet bad gjenbruk'!$J20,0) -> 0 | U20: .
A21: Downlight | B21: Plast, kobber stål | C21: =IF(B3<=12,4,IF(B3<18,6,IF(B3<=24,8,IF(B3<=28,10,IF(B3<=32,12,12))))) -> 4 | D21: =IF('Base case- rivet bad gjenbruk'!$E21="kg",'Base case- rivet bad gjenbruk'!$C21*$B$3,'Base case- rivet bad gjenbruk'!$C21) -> 4 | E21: pcs | F21: {=IF('Base case- rivet bad gjenbruk'!$E21="kg",'Base case- rivet bad gjenbruk'!$C21,('Base case- rivet bad gjenbruk'!$C21*XLOOKUP('Base case- rivet bad gjenbruk'!$A21,'EPD data'!$A$4:$A$31,'EPD data'!$H$4:$H$31)))} -> 5.48 | G21: {=IF('Base case- rivet bad gjenbruk'!$E21="kg",'Base case- rivet bad gjenbruk'!$D21,('Base case- rivet bad gjenbruk'!$D21*XLOOKUP('Base case- rivet bad gjenbruk'!$A21,'EPD data'!$A$4:$A$31,'EPD data'!$H$4:$H$31)))} -> 5.48 | H21: {=IF('Base case- rivet bad gjenbruk'!$E21="kg",XLOOKUP(A21,'EPD data'!$A$4:$A$31,'EPD data'!$O$4:$O$31),XLOOKUP(A21,'EPD data'!$A$4:$A$31,'EPD data'!$J$4:$J$31))} -> 21.421 | I21: {=IF('Base case- rivet bad gjenbruk'!$E21="kg",XLOOKUP(A21,'EPD data'!$A$4:$A$31,'EPD data'!$Q$4:$Q$31),XLOOKUP('Base case- rivet bad gjenbruk'!$A21,'EPD data'!$A$4:$A$31,'EPD data'!$L$4:$L$31))} -> 21.823 | J21: {=IF('Base case- rivet bad gjenbruk'!$E21="kg",XLOOKUP('Base case- rivet bad gjenbruk'!$A21,'EPD data'!$A$4:$A$31,'EPD data'!$P$4:$P$31),XLOOKUP('Base case- rivet bad gjenbruk'!$A21,'EPD data'!$A$4:$A$31,'EPD data'!$K$4:$K$31))} -> 0.402 | K21: {=IF('Base case- rivet bad gjenbruk'!$E21="kg",XLOOKUP(A21,'EPD data'!$A$4:$A$31,'EPD data'!$R$4:$R$31),XLOOKUP('Base case- rivet bad gjenbruk'!$A21,'EPD data'!$A$4:$A$31,'EPD data'!$M$4:$M$31))} -> 0.4476 | L21: ='Base case- rivet bad gjenbruk'!$H21*'Base case- rivet bad gjenbruk'!$C21 -> 85.684 | M21: ='Base case- rivet bad gjenbruk'!$J21*'Base case- rivet bad gjenbruk'!$C21 -> 1.608 | N21: =SUM('Base case- rivet bad gjenbruk'!$L21:$M21) -> 87.292 | O21: =IFERROR(K21*C21,0) -> 1.7904 | P21: =IFERROR(H21*$D21,0) -> 85.684 | Q21: =IFERROR('Base case- rivet bad gjenbruk'!$D21*'Base case- rivet bad gjenbruk'!$J21,0) -> 1.608 | R21: ='Base case- rivet bad gjenbruk'!$D21*'Base case- rivet bad gjenbruk'!$I21 -> 87.292 | S21: ='Base case- rivet bad gjenbruk'!$K21*'Base case- rivet bad gjenbruk'!$D21 -> 1.7904 | T21: Downlights SG eco | U21: Notera: vikt refererar till 1 st
A22: Stickkontakt | B22: Plast, kobber stål | C22: 4 | D22: =IF('Base case- rivet bad gjenbruk'!$E22="kg",'Base case- rivet bad gjenbruk'!$C22*$B$3,'Base case- rivet bad gjenbruk'!$C22) -> 4 | E22: pcs | F22: {=IF('Base case- rivet bad gjenbruk'!$E22="kg",'Base case- rivet bad gjenbruk'!$C22,('Base case- rivet bad gjenbruk'!$C22*XLOOKUP('Base case- rivet bad gjenbruk'!$A22,'EPD data'!$A$4:$A$31,'EPD data'!$H$4:$H$31)))} -> 0.484 | G22: {=IF('Base case- rivet bad gjenbruk'!$E22="kg",'Base case- rivet bad gjenbruk'!$D22,('Base case- rivet bad gjenbruk'!$D22*XLOOKUP('Base case- rivet bad gjenbruk'!$A22,'EPD data'!$A$4:$A$31,'EPD data'!$H$4:$H$31)))} -> 0.484 | H22: {=IF('Base case- rivet bad gjenbruk'!$E22="kg",XLOOKUP(A22,'EPD data'!$A$4:$A$31,'EPD data'!$O$4:$O$31),XLOOKUP(A22,'EPD data'!$A$4:$A$31,'EPD data'!$J$4:$J$31))} -> 0.575 | I22: {=IF('Base case- rivet bad gjenbruk'!$E22="kg",XLOOKUP(A22,'EPD data'!$A$4:$A$31,'EPD data'!$Q$4:$Q$31),XLOOKUP('Base case- rivet bad gjenbruk'!$A22,'EPD data'!$A$4:$A$31,'EPD data'!$L$4:$L$31))} -> 0.5906 | J22: {=IF('Base case- rivet bad gjenbruk'!$E22="kg",XLOOKUP('Base case- rivet bad gjenbruk'!$A22,'EPD data'!$A$4:$A$31,'EPD data'!$P$4:$P$31),XLOOKUP('Base case- rivet bad gjenbruk'!$A22,'EPD data'!$A$4:$A$31,'EPD data'!$K$4:$K$31))} -> 0.0156 | K22: {=IF('Base case- rivet bad gjenbruk'!$E22="kg",XLOOKUP(A22,'EPD data'!$A$4:$A$31,'EPD data'!$R$4:$R$31),XLOOKUP('Base case- rivet bad gjenbruk'!$A22,'EPD data'!$A$4:$A$31,'EPD data'!$M$4:$M$31))} -> 0.0213 | L22: ='Base case- rivet bad gjenbruk'!$H22*'Base case- rivet bad gjenbruk'!$C22 -> 2.3 | M22: ='Base case- rivet bad gjenbruk'!$J22*'Base case- rivet bad gjenbruk'!$C22 -> 0.0624 | N22: =SUM('Base case- rivet bad gjenbruk'!$L22:$M22) -> 2.3624 | O22: =IFERROR(K22*C22,0) -> 0.0852 | P22: =IFERROR(H22*$D22,0) -> 2.3 | Q22: =IFERROR('Base case- rivet bad gjenbruk'!$D22*'Base case- rivet bad gjenbruk'!$J22,0) -> 0.0624 | R22: ='Base case- rivet bad gjenbruk'!$D22*'Base case- rivet bad gjenbruk'!$I22 -> 2.3624 | S22: ='Base case- rivet bad gjenbruk'!$K22*'Base case- rivet bad gjenbruk'!$D22 -> 0.0852 | T22: Stikkkontakt Elko plus | U22: Notera: vikt refererar till 1 st
A23: Thermostat | B23: Plast, kobber stål | C23: 1 | D23: =IF('Base case- rivet bad gjenbruk'!$E23="kg",'Base case- rivet bad gjenbruk'!$C23*$B$3,'Base case- rivet bad gjenbruk'!$C23) -> 1 | E23: pcs | F23: {=IF('Base case- rivet bad gjenbruk'!$E23="kg",'Base case- rivet bad gjenbruk'!$C23,('Base case- rivet bad gjenbruk'!$C23*XLOOKUP('Base case- rivet bad gjenbruk'!$A23,'EPD data'!$A$4:$A$31,'EPD data'!$H$4:$H$31)))} -> 2.39 | G23: {=IF('Base case- rivet bad gjenbruk'!$E23="kg",'Base case- rivet bad gjenbruk'!$D23,('Base case- rivet bad gjenbruk'!$D23*XLOOKUP('Base case- rivet bad gjenbruk'!$A23,'EPD data'!$A$4:$A$31,'EPD data'!$H$4:$H$31)))} -> 2.39 | H23: {=IF('Base case- rivet bad gjenbruk'!$E23="kg",XLOOKUP(A23,'EPD data'!$A$4:$A$31,'EPD data'!$O$4:$O$31),XLOOKUP(A23,'EPD data'!$A$4:$A$31,'EPD data'!$J$4:$J$31))} -> 5.62 | I23: {=IF('Base case- rivet bad gjenbruk'!$E23="kg",XLOOKUP(A23,'EPD data'!$A$4:$A$31,'EPD data'!$Q$4:$Q$31),XLOOKUP('Base case- rivet bad gjenbruk'!$A23,'EPD data'!$A$4:$A$31,'EPD data'!$L$4:$L$31))} -> 5.811 | J23: {=IF('Base case- rivet bad gjenbruk'!$E23="kg",XLOOKUP('Base case- rivet bad gjenbruk'!$A23,'EPD data'!$A$4:$A$31,'EPD data'!$P$4:$P$31),XLOOKUP('Base case- rivet bad gjenbruk'!$A23,'EPD data'!$A$4:$A$31,'EPD data'!$K$4:$K$31))} -> 0.191 | K23: {=IF('Base case- rivet bad gjenbruk'!$E23="kg",XLOOKUP(A23,'EPD data'!$A$4:$A$31,'EPD data'!$R$4:$R$31),XLOOKUP('Base case- rivet bad gjenbruk'!$A23,'EPD data'!$A$4:$A$31,'EPD data'!$M$4:$M$31))} -> 0.48955 | L23: ='Base case- rivet bad gjenbruk'!$H23*'Base case- rivet bad gjenbruk'!$C23 -> 5.62 | M23: ='Base case- rivet bad gjenbruk'!$J23*'Base case- rivet bad gjenbruk'!$C23 -> 0.191 | N23: =SUM('Base case- rivet bad gjenbruk'!$L23:$M23) -> 5.811 | O23: =IFERROR(K23*C23,0) -> 0.48955 | P23: =IFERROR(H23*$D23,0) -> 5.62 | Q23: =IFERROR('Base case- rivet bad gjenbruk'!$D23*'Base case- rivet bad gjenbruk'!$J23,0) -> 0.191 | R23: ='Base case- rivet bad gjenbruk'!$D23*'Base case- rivet bad gjenbruk'!$I23 -> 5.811 | S23: ='Base case- rivet bad gjenbruk'!$K23*'Base case- rivet bad gjenbruk'!$D23 -> 0.48955 | T23: Thermostat Elko plus | U23: Notera: vikt refererar till 1 st
A24: Rör till downlight | B24: Plast, kobber stål | C24: 1 | D24: =IF('Base case- rivet bad gjenbruk'!$E24="kg",'Base case- rivet bad gjenbruk'!$C24*$B$3,'Base case- rivet bad gjenbruk'!$C24) -> 6 | E24: kg | F24: {=IF('Base case- rivet bad gjenbruk'!$E24="kg",'Base case- rivet bad gjenbruk'!$C24,('Base case- rivet bad gjenbruk'!$C24*XLOOKUP('Base case- rivet bad gjenbruk'!$A24,'EPD data'!$A$4:$A$31,'EPD data'!$H$4:$H$31)))} -> 1 | G24: {=IF('Base case- rivet bad gjenbruk'!$E24="kg",'Base case- rivet bad gjenbruk'!$D24,('Base case- rivet bad gjenbruk'!$D24*XLOOKUP('Base case- rivet bad gjenbruk'!$A24,'EPD data'!$A$4:$A$31,'EPD data'!$H$4:$H$31)))} -> 6 | H24: {=IF('Base case- rivet bad gjenbruk'!$E24="kg",XLOOKUP(A24,'EPD data'!$A$4:$A$31,'EPD data'!$O$4:$O$31),XLOOKUP(A24,'EPD data'!$A$4:$A$31,'EPD data'!$J$4:$J$31))} -> 4.1337 | I24: {=IF('Base case- rivet bad gjenbruk'!$E24="kg",XLOOKUP(A24,'EPD data'!$A$4:$A$31,'EPD data'!$Q$4:$Q$31),XLOOKUP('Base case- rivet bad gjenbruk'!$A24,'EPD data'!$A$4:$A$31,'EPD data'!$L$4:$L$31))} -> 4.3767 | J24: {=IF('Base case- rivet bad gjenbruk'!$E24="kg",XLOOKUP('Base case- rivet bad gjenbruk'!$A24,'EPD data'!$A$4:$A$31,'EPD data'!$P$4:$P$31),XLOOKUP('Base case- rivet bad gjenbruk'!$A24,'EPD data'!$A$4:$A$31,'EPD data'!$K$4:$K$31))} -> 0.243 | K24: {=IF('Base case- rivet bad gjenbruk'!$E24="kg",XLOOKUP(A24,'EPD data'!$A$4:$A$31,'EPD data'!$R$4:$R$31),XLOOKUP('Base case- rivet bad gjenbruk'!$A24,'EPD data'!$A$4:$A$31,'EPD data'!$M$4:$M$31))} -> 3.04062 | L24: ='Base case- rivet bad gjenbruk'!$H24*'Base case- rivet bad gjenbruk'!$C24 -> 4.1337 | M24: ='Base case- rivet bad gjenbruk'!$J24*'Base case- rivet bad gjenbruk'!$C24 -> 0.243 | N24: =SUM('Base case- rivet bad gjenbruk'!$L24:$M24) -> 4.3767 | O24: =IFERROR(K24*C24,0) -> 3.04062 | P24: =IFERROR(H24*$D24,0) -> 24.8022 | Q24: =IFERROR('Base case- rivet bad gjenbruk'!$D24*'Base case- rivet bad gjenbruk'!$J24,0) -> 1.458 | R24: ='Base case- rivet bad gjenbruk'!$D24*'Base case- rivet bad gjenbruk'!$I24 -> 26.2602 | S24: ='Base case- rivet bad gjenbruk'!$K24*'Base case- rivet bad gjenbruk'!$D24 -> 18.24372 | T24: Korrigert rør | U24: Notera: vikt refererar till 1 st
A25: Våtromsmaling | B25: Maling | C25: 0.6 | D25: =IF('Base case- rivet bad gjenbruk'!$E25="kg",'Base case- rivet bad gjenbruk'!$C25*$B$3,'Base case- rivet bad gjenbruk'!$C25) -> 3.6 | E25: kg | F25: {=IF('Base case- rivet bad gjenbruk'!$E25="kg",'Base case- rivet bad gjenbruk'!$C25,('Base case- rivet bad gjenbruk'!$C25*XLOOKUP('Base case- rivet bad gjenbruk'!$A25,'EPD data'!$A$4:$A$31,'EPD data'!$H$4:$H$31)))} -> 0.6 | G25: {=IF('Base case- rivet bad gjenbruk'!$E25="kg",'Base case- rivet bad gjenbruk'!$D25,('Base case- rivet bad gjenbruk'!$D25*XLOOKUP('Base case- rivet bad gjenbruk'!$A25,'EPD data'!$A$4:$A$31,'EPD data'!$H$4:$H$31)))} -> 3.6 | H25: {=IF('Base case- rivet bad gjenbruk'!$E25="kg",XLOOKUP(A25,'EPD data'!$A$4:$A$31,'EPD data'!$O$4:$O$31),XLOOKUP(A25,'EPD data'!$A$4:$A$31,'EPD data'!$J$4:$J$31))} -> 3.5354 | I25: {=IF('Base case- rivet bad gjenbruk'!$E25="kg",XLOOKUP(A25,'EPD data'!$A$4:$A$31,'EPD data'!$Q$4:$Q$31),XLOOKUP('Base case- rivet bad gjenbruk'!$A25,'EPD data'!$A$4:$A$31,'EPD data'!$L$4:$L$31))} -> 3.5732 | J25: {=IF('Base case- rivet bad gjenbruk'!$E25="kg",XLOOKUP('Base case- rivet bad gjenbruk'!$A25,'EPD data'!$A$4:$A$31,'EPD data'!$P$4:$P$31),XLOOKUP('Base case- rivet bad gjenbruk'!$A25,'EPD data'!$A$4:$A$31,'EPD data'!$K$4:$K$31))} -> 0.0378 | K25: {=IF('Base case- rivet bad gjenbruk'!$E25="kg",XLOOKUP(A25,'EPD data'!$A$4:$A$31,'EPD data'!$R$4:$R$31),XLOOKUP('Base case- rivet bad gjenbruk'!$A25,'EPD data'!$A$4:$A$31,'EPD data'!$M$4:$M$31))} -> 0.01252 | L25: ='Base case- rivet bad gjenbruk'!$H25*'Base case- rivet bad gjenbruk'!$C25 -> 2.12124 | M25: ='Base case- rivet bad gjenbruk'!$J25*'Base case- rivet bad gjenbruk'!$C25 -> 0.02268 | N25: =SUM('Base case- rivet bad gjenbruk'!$L25:$M25) -> 2.14392 | O25: =IFERROR(K25*C25,0) -> 0.007512 | P25: =IFERROR(H25*$D25,0) -> 12.72744 | Q25: =IFERROR('Base case- rivet bad gjenbruk'!$D25*'Base case- rivet bad gjenbruk'!$J25,0) -> 0.13608 | R25: ='Base case- rivet bad gjenbruk'!$D25*'Base case- rivet bad gjenbruk'!$I25 -> 12.86352 | S25: ='Base case- rivet bad gjenbruk'!$K25*'Base case- rivet bad gjenbruk'!$D25 -> 0.045072 | T25: Våtromsmaling | U25: .
A26: Silikon | C26: 0.2 | D26: =IF('Base case- rivet bad gjenbruk'!$E26="kg",'Base case- rivet bad gjenbruk'!$C26*$B$3,'Base case- rivet bad gjenbruk'!$C26) -> 1.2 | E26: kg | F26: {=IF('Base case- rivet bad gjenbruk'!$E26="kg",'Base case- rivet bad gjenbruk'!$C26,('Base case- rivet bad gjenbruk'!$C26*XLOOKUP('Base case- rivet bad gjenbruk'!$A26,'EPD data'!$A$4:$A$31,'EPD data'!$H$4:$H$31)))} -> 0.2 | G26: {=IF('Base case- rivet bad gjenbruk'!$E26="kg",'Base case- rivet bad gjenbruk'!$D26,('Base case- rivet bad gjenbruk'!$D26*XLOOKUP('Base case- rivet bad gjenbruk'!$A26,'EPD data'!$A$4:$A$31,'EPD data'!$H$4:$H$31)))} -> 1.2 | H26: {=IF('Base case- rivet bad gjenbruk'!$E26="kg",XLOOKUP(A26,'EPD data'!$A$4:$A$31,'EPD data'!$O$4:$O$31),XLOOKUP(A26,'EPD data'!$A$4:$A$31,'EPD data'!$J$4:$J$31))} -> 5.36 | I26: {=IF('Base case- rivet bad gjenbruk'!$E26="kg",XLOOKUP(A26,'EPD data'!$A$4:$A$31,'EPD data'!$Q$4:$Q$31),XLOOKUP('Base case- rivet bad gjenbruk'!$A26,'EPD data'!$A$4:$A$31,'EPD data'!$L$4:$L$31))} -> 5.4181 | J26: {=IF('Base case- rivet bad gjenbruk'!$E26="kg",XLOOKUP('Base case- rivet bad gjenbruk'!$A26,'EPD data'!$A$4:$A$31,'EPD data'!$P$4:$P$31),XLOOKUP('Base case- rivet bad gjenbruk'!$A26,'EPD data'!$A$4:$A$31,'EPD data'!$K$4:$K$31))} -> 0.0581 | K26: {=IF('Base case- rivet bad gjenbruk'!$E26="kg",XLOOKUP(A26,'EPD data'!$A$4:$A$31,'EPD data'!$R$4:$R$31),XLOOKUP('Base case- rivet bad gjenbruk'!$A26,'EPD data'!$A$4:$A$31,'EPD data'!$M$4:$M$31))} -> 0.441066 | L26: ='Base case- rivet bad gjenbruk'!$H26*'Base case- rivet bad gjenbruk'!$C26 -> 1.072 | M26: ='Base case- rivet bad gjenbruk'!$J26*'Base case- rivet bad gjenbruk'!$C26 -> 0.01162 | N26: =SUM('Base case- rivet bad gjenbruk'!$L26:$M26) -> 1.08362 | O26: =IFERROR(K26*C26,0) -> 0.0882132 | P26: =IFERROR(H26*$D26,0) -> 6.432 | Q26: =IFERROR('Base case- rivet bad gjenbruk'!$D26*'Base case- rivet bad gjenbruk'!$J26,0) -> 0.06972 | R26: ='Base case- rivet bad gjenbruk'!$D26*'Base case- rivet bad gjenbruk'!$I26 -> 6.50172 | S26: ='Base case- rivet bad gjenbruk'!$K26*'Base case- rivet bad gjenbruk'!$D26 -> 0.5292792 | T26: silikon | U26: .
A27: Fliser | C27: 100 | D27: =IF('Base case- rivet bad gjenbruk'!$E27="kg",'Base case- rivet bad gjenbruk'!$C27*$B$3,'Base case- rivet bad gjenbruk'!$C27) -> 600 | E27: kg | F27: {=IF('Base case- rivet bad gjenbruk'!$E27="kg",'Base case- rivet bad gjenbruk'!$C27,('Base case- rivet bad gjenbruk'!$C27*XLOOKUP('Base case- rivet bad gjenbruk'!$A27,'EPD data'!$A$4:$A$31,'EPD data'!$H$4:$H$31)))} -> 100 | G27: {=IF('Base case- rivet bad gjenbruk'!$E27="kg",'Base case- rivet bad gjenbruk'!$D27,('Base case- rivet bad gjenbruk'!$D27*XLOOKUP('Base case- rivet bad gjenbruk'!$A27,'EPD data'!$A$4:$A$31,'EPD data'!$H$4:$H$31)))} -> 600 | H27: {=IF('Base case- rivet bad gjenbruk'!$E27="kg",XLOOKUP(A27,'EPD data'!$A$4:$A$31,'EPD data'!$O$4:$O$31),XLOOKUP(A27,'EPD data'!$A$4:$A$31,'EPD data'!$J$4:$J$31))} -> 0.52476349 | I27: {=IF('Base case- rivet bad gjenbruk'!$E27="kg",XLOOKUP(A27,'EPD data'!$A$4:$A$31,'EPD data'!$Q$4:$Q$31),XLOOKUP('Base case- rivet bad gjenbruk'!$A27,'EPD data'!$A$4:$A$31,'EPD data'!$L$4:$L$31))} -> 0.54307179 | J27: {=IF('Base case- rivet bad gjenbruk'!$E27="kg",XLOOKUP('Base case- rivet bad gjenbruk'!$A27,'EPD data'!$A$4:$A$31,'EPD data'!$P$4:$P$31),XLOOKUP('Base case- rivet bad gjenbruk'!$A27,'EPD data'!$A$4:$A$31,'EPD data'!$K$4:$K$31))} -> 0.018308292 | K27: {=IF('Base case- rivet bad gjenbruk'!$E27="kg",XLOOKUP(A27,'EPD data'!$A$4:$A$31,'EPD data'!$R$4:$R$31),XLOOKUP('Base case- rivet bad gjenbruk'!$A27,'EPD data'!$A$4:$A$31,'EPD data'!$M$4:$M$31))} -> 0.0047078464 | L27: ='Base case- rivet bad gjenbruk'!$H27*'Base case- rivet bad gjenbruk'!$C27 -> 52.476349 | M27: ='Base case- rivet bad gjenbruk'!$J27*'Base case- rivet bad gjenbruk'!$C27 -> 1.8308292 | N27: =SUM('Base case- rivet bad gjenbruk'!$L27:$M27) -> 54.307179 | O27: =IFERROR(K27*C27,0) -> 0.47078464 | P27: =IFERROR(H27*$D27,0) -> 314.8581 | Q27: =IFERROR('Base case- rivet bad gjenbruk'!$D27*'Base case- rivet bad gjenbruk'!$J27,0) -> 10.984975 | R27: ='Base case- rivet bad gjenbruk'!$D27*'Base case- rivet bad gjenbruk'!$I27 -> 325.84307 | S27: ='Base case- rivet bad gjenbruk'!$K27*'Base case- rivet bad gjenbruk'!$D27 -> 2.8247078 | T27: fliser | U27: .
A28: Flislim og fuger | C28: 4 | D28: =IF('Base case- rivet bad gjenbruk'!$E28="kg",'Base case- rivet bad gjenbruk'!$C28*$B$3,'Base case- rivet bad gjenbruk'!$C28) -> 24 | E28: kg | F28: {=IF('Base case- rivet bad gjenbruk'!$E28="kg",'Base case- rivet bad gjenbruk'!$C28,('Base case- rivet bad gjenbruk'!$C28*XLOOKUP('Base case- rivet bad gjenbruk'!$A28,'EPD data'!$A$4:$A$31,'EPD data'!$H$4:$H$31)))} -> 4 | G28: {=IF('Base case- rivet bad gjenbruk'!$E28="kg",'Base case- rivet bad gjenbruk'!$D28,('Base case- rivet bad gjenbruk'!$D28*XLOOKUP('Base case- rivet bad gjenbruk'!$A28,'EPD data'!$A$4:$A$31,'EPD data'!$H$4:$H$31)))} -> 24 | H28: {=IF('Base case- rivet bad gjenbruk'!$E28="kg",XLOOKUP(A28,'EPD data'!$A$4:$A$31,'EPD data'!$O$4:$O$31),XLOOKUP(A28,'EPD data'!$A$4:$A$31,'EPD data'!$J$4:$J$31))} -> 0.39137 | I28: {=IF('Base case- rivet bad gjenbruk'!$E28="kg",XLOOKUP(A28,'EPD data'!$A$4:$A$31,'EPD data'!$Q$4:$Q$31),XLOOKUP('Base case- rivet bad gjenbruk'!$A28,'EPD data'!$A$4:$A$31,'EPD data'!$L$4:$L$31))} -> 0.41757 | J28: {=IF('Base case- rivet bad gjenbruk'!$E28="kg",XLOOKUP('Base case- rivet bad gjenbruk'!$A28,'EPD data'!$A$4:$A$31,'EPD data'!$P$4:$P$31),XLOOKUP('Base case- rivet bad gjenbruk'!$A28,'EPD data'!$A$4:$A$31,'EPD data'!$K$4:$K$31))} -> 0.0262 | K28: {=IF('Base case- rivet bad gjenbruk'!$E28="kg",XLOOKUP(A28,'EPD data'!$A$4:$A$31,'EPD data'!$R$4:$R$31),XLOOKUP('Base case- rivet bad gjenbruk'!$A28,'EPD data'!$A$4:$A$31,'EPD data'!$M$4:$M$31))} -> 0 | L28: ='Base case- rivet bad gjenbruk'!$H28*'Base case- rivet bad gjenbruk'!$C28 -> 1.56548 | M28: ='Base case- rivet bad gjenbruk'!$J28*'Base case- rivet bad gjenbruk'!$C28 -> 0.1048 | N28: =SUM('Base case- rivet bad gjenbruk'!$L28:$M28) -> 1.67028 | O28: =IFERROR(K28*C28,0) -> 0 | P28: =IFERROR(H28*$D28,0) -> 9.39288 | Q28: =IFERROR('Base case- rivet bad gjenbruk'!$D28*'Base case- rivet bad gjenbruk'!$J28,0) -> 0.6288 | R28: ='Base case- rivet bad gjenbruk'!$D28*'Base case- rivet bad gjenbruk'!$I28 -> 10.02168 | S28: ='Base case- rivet bad gjenbruk'!$K28*'Base case- rivet bad gjenbruk'!$D28 -> 0 | T28: Flislim | U28: .
A29: Sluk og slukrist | B29: Stål,plast | C29: 1 | D29: =IF('Base case- rivet bad gjenbruk'!$E29="kg",'Base case- rivet bad gjenbruk'!$C29*$B$3,'Base case- rivet bad gjenbruk'!$C29) -> 1 | E29: pcs | F29: {=IF('Base case- rivet bad gjenbruk'!$E29="kg",'Base case- rivet bad gjenbruk'!$C29,('Base case- rivet bad gjenbruk'!$C29*XLOOKUP('Base case- rivet bad gjenbruk'!$A29,'EPD data'!$A$4:$A$31,'EPD data'!$H$4:$H$31)))} -> 0.94 | G29: {=IF('Base case- rivet bad gjenbruk'!$E29="kg",'Base case- rivet bad gjenbruk'!$D29,('Base case- rivet bad gjenbruk'!$D29*XLOOKUP('Base case- rivet bad gjenbruk'!$A29,'EPD data'!$A$4:$A$31,'EPD data'!$H$4:$H$31)))} -> 0.94 | H29: {=IF('Base case- rivet bad gjenbruk'!$E29="kg",XLOOKUP(A29,'EPD data'!$A$4:$A$31,'EPD data'!$O$4:$O$31),XLOOKUP(A29,'EPD data'!$A$4:$A$31,'EPD data'!$J$4:$J$31))} -> 0.5272 | I29: {=IF('Base case- rivet bad gjenbruk'!$E29="kg",XLOOKUP(A29,'EPD data'!$A$4:$A$31,'EPD data'!$Q$4:$Q$31),XLOOKUP('Base case- rivet bad gjenbruk'!$A29,'EPD data'!$A$4:$A$31,'EPD data'!$L$4:$L$31))} -> 0.5963 | J29: {=IF('Base case- rivet bad gjenbruk'!$E29="kg",XLOOKUP('Base case- rivet bad gjenbruk'!$A29,'EPD data'!$A$4:$A$31,'EPD data'!$P$4:$P$31),XLOOKUP('Base case- rivet bad gjenbruk'!$A29,'EPD data'!$A$4:$A$31,'EPD data'!$K$4:$K$31))} -> 0.0691 | K29: {=IF('Base case- rivet bad gjenbruk'!$E29="kg",XLOOKUP(A29,'EPD data'!$A$4:$A$31,'EPD data'!$R$4:$R$31),XLOOKUP('Base case- rivet bad gjenbruk'!$A29,'EPD data'!$A$4:$A$31,'EPD data'!$M$4:$M$31))} -> 1.665022 | L29: ='Base case- rivet bad gjenbruk'!$H29*'Base case- rivet bad gjenbruk'!$C29 -> 0.5272 | M29: ='Base case- rivet bad gjenbruk'!$J29*'Base case- rivet bad gjenbruk'!$C29 -> 0.0691 | N29: =SUM('Base case- rivet bad gjenbruk'!$L29:$M29) -> 0.5963 | O29: =IFERROR(K29*C29,0) -> 1.665022 | P29: =IFERROR(H29*$D29,0) -> 0.5272 | Q29: =IFERROR('Base case- rivet bad gjenbruk'!$D29*'Base case- rivet bad gjenbruk'!$J29,0) -> 0.0691 | R29: ='Base case- rivet bad gjenbruk'!$D29*'Base case- rivet bad gjenbruk'!$I29 -> 0.5963 | S29: ='Base case- rivet bad gjenbruk'!$K29*'Base case- rivet bad gjenbruk'!$D29 -> 1.665022 | T29: Sluk (sliderain) | U29: .
A30: Sisterne | B30: Stål (80%), isipor og plast | C30: 1 | D30: =IF('Base case- rivet bad gjenbruk'!$E30="kg",'Base case- rivet bad gjenbruk'!$C30*$B$3,'Base case- rivet bad gjenbruk'!$C30) -> 1 | E30: pcs | F30: {=IF('Base case- rivet bad gjenbruk'!$E30="kg",'Base case- rivet bad gjenbruk'!$C30,('Base case- rivet bad gjenbruk'!$C30*XLOOKUP('Base case- rivet bad gjenbruk'!$A30,'EPD data'!$A$4:$A$31,'EPD data'!$H$4:$H$31)))} -> 13.6 | G30: {=IF('Base case- rivet bad gjenbruk'!$E30="kg",'Base case- rivet bad gjenbruk'!$D30,('Base case- rivet bad gjenbruk'!$D30*XLOOKUP('Base case- rivet bad gjenbruk'!$A30,'EPD data'!$A$4:$A$31,'EPD data'!$H$4:$H$31)))} -> 13.6 | H30: {=IF('Base case- rivet bad gjenbruk'!$E30="kg",XLOOKUP(A30,'EPD data'!$A$4:$A$31,'EPD data'!$O$4:$O$31),XLOOKUP(A30,'EPD data'!$A$4:$A$31,'EPD data'!$J$4:$J$31))} -> 36.8 | I30: {=IF('Base case- rivet bad gjenbruk'!$E30="kg",XLOOKUP(A30,'EPD data'!$A$4:$A$31,'EPD data'!$Q$4:$Q$31),XLOOKUP('Base case- rivet bad gjenbruk'!$A30,'EPD data'!$A$4:$A$31,'EPD data'!$L$4:$L$31))} -> 38.04 | J30: {=IF('Base case- rivet bad gjenbruk'!$E30="kg",XLOOKUP('Base case- rivet bad gjenbruk'!$A30,'EPD data'!$A$4:$A$31,'EPD data'!$P$4:$P$31),XLOOKUP('Base case- rivet bad gjenbruk'!$A30,'EPD data'!$A$4:$A$31,'EPD data'!$K$4:$K$31))} -> 1.24 | K30: {=IF('Base case- rivet bad gjenbruk'!$E30="kg",XLOOKUP(A30,'EPD data'!$A$4:$A$31,'EPD data'!$R$4:$R$31),XLOOKUP('Base case- rivet bad gjenbruk'!$A30,'EPD data'!$A$4:$A$31,'EPD data'!$M$4:$M$31))} -> 11.06163 | L30: ='Base case- rivet bad gjenbruk'!$H30*'Base case- rivet bad gjenbruk'!$C30 -> 36.8 | M30: ='Base case- rivet bad gjenbruk'!$J30*'Base case- rivet bad gjenbruk'!$C30 -> 1.24 | N30: =SUM('Base case- rivet bad gjenbruk'!$L30:$M30) -> 38.04 | O30: =IFERROR(K30*C30,0) -> 11.06163 | P30: =IFERROR(H30*$D30,0) -> 36.8 | Q30: =IFERROR('Base case- rivet bad gjenbruk'!$D30*'Base case- rivet bad gjenbruk'!$J30,0) -> 1.24 | R30: ='Base case- rivet bad gjenbruk'!$D30*'Base case- rivet bad gjenbruk'!$I30 -> 38.04 | S30: =IFERROR('Base case- rivet bad gjenbruk'!$K30*'Base case- rivet bad gjenbruk'!$D30,0) -> 11.06163 | U30: .
A31: Toalett | B31: Porselen | C31: 0 | D31: =IF('Base case- rivet bad gjenbruk'!$E31="kg",'Base case- rivet bad gjenbruk'!$C31*$B$3,'Base case- rivet bad gjenbruk'!$C31) -> 0 | E31: pcs | F31: {=IF('Base case- rivet bad gjenbruk'!$E31="kg",'Base case- rivet bad gjenbruk'!$C31,('Base case- rivet bad gjenbruk'!$C31*XLOOKUP('Base case- rivet bad gjenbruk'!$A31,'EPD data'!$A$4:$A$31,'EPD data'!$H$4:$H$31)))} -> 0 | G31: {=IF('Base case- rivet bad gjenbruk'!$E31="kg",'Base case- rivet bad gjenbruk'!$D31,('Base case- rivet bad gjenbruk'!$D31*XLOOKUP('Base case- rivet bad gjenbruk'!$A31,'EPD data'!$A$4:$A$31,'EPD data'!$H$4:$H$31)))} -> 0 | H31: {=IF('Base case- rivet bad gjenbruk'!$E31="kg",XLOOKUP(A31,'EPD data'!$A$4:$A$31,'EPD data'!$O$4:$O$31),XLOOKUP(A31,'EPD data'!$A$4:$A$31,'EPD data'!$J$4:$J$31))} -> 77.1 | I31: {=IF('Base case- rivet bad gjenbruk'!$E31="kg",XLOOKUP(A31,'EPD data'!$A$4:$A$31,'EPD data'!$Q$4:$Q$31),XLOOKUP('Base case- rivet bad gjenbruk'!$A31,'EPD data'!$A$4:$A$31,'EPD data'!$L$4:$L$31))} -> 77.1 | J31: {=IF('Base case- rivet bad gjenbruk'!$E31="kg",XLOOKUP('Base case- rivet bad gjenbruk'!$A31,'EPD data'!$A$4:$A$31,'EPD data'!$P$4:$P$31),XLOOKUP('Base case- rivet bad gjenbruk'!$A31,'EPD data'!$A$4:$A$31,'EPD data'!$K$4:$K$31))} -> 0 | K31: {=IF('Base case- rivet bad gjenbruk'!$E31="kg",XLOOKUP(A31,'EPD data'!$A$4:$A$31,'EPD data'!$R$4:$R$31),XLOOKUP('Base case- rivet bad gjenbruk'!$A31,'EPD data'!$A$4:$A$31,'EPD data'!$M$4:$M$31))} -> 0.903 | L31: 0 | M31: 0 | N31: 0 | O31: 0 | P31: 0 | Q31: =IFERROR('Base case- rivet bad gjenbruk'!$D31*'Base case- rivet bad gjenbruk'!$J31,0) -> 0 | R31: 0 | S31: 0 | T31: Gustavsberg toalett | U31: Notera: vikt refererar till 1 st. Kan återbrukas.
A32: Dusjevegger | B32: Glass (90%) plast (5%) og stål (5%) | C32: 0 | D32: =IF('Base case- rivet bad gjenbruk'!$E32="kg",'Base case- rivet bad gjenbruk'!$C32*$B$3,'Base case- rivet bad gjenbruk'!$C32) -> 0 | E32: pcs | F32: {=IF('Base case- rivet bad gjenbruk'!$E32="kg",'Base case- rivet bad gjenbruk'!$C32,('Base case- rivet bad gjenbruk'!$C32*XLOOKUP('Base case- rivet bad gjenbruk'!$A32,'EPD data'!$A$4:$A$31,'EPD data'!$H$4:$H$31)))} -> 0 | G32: {=IF('Base case- rivet bad gjenbruk'!$E32="kg",'Base case- rivet bad gjenbruk'!$D32,('Base case- rivet bad gjenbruk'!$D32*XLOOKUP('Base case- rivet bad gjenbruk'!$A32,'EPD data'!$A$4:$A$31,'EPD data'!$H$4:$H$31)))} -> 0 | H32: {=IF('Base case- rivet bad gjenbruk'!$E32="kg",XLOOKUP(A32,'EPD data'!$A$4:$A$31,'EPD data'!$O$4:$O$31),XLOOKUP(A32,'EPD data'!$A$4:$A$31,'EPD data'!$J$4:$J$31))} -> 246 | I32: {=IF('Base case- rivet bad gjenbruk'!$E32="kg",XLOOKUP(A32,'EPD data'!$A$4:$A$31,'EPD data'!$Q$4:$Q$31),XLOOKUP('Base case- rivet bad gjenbruk'!$A32,'EPD data'!$A$4:$A$31,'EPD data'!$L$4:$L$31))} -> 265.5 | J32: {=IF('Base case- rivet bad gjenbruk'!$E32="kg",XLOOKUP('Base case- rivet bad gjenbruk'!$A32,'EPD data'!$A$4:$A$31,'EPD data'!$P$4:$P$31),XLOOKUP('Base case- rivet bad gjenbruk'!$A32,'EPD data'!$A$4:$A$31,'EPD data'!$K$4:$K$31))} -> 19.5 | K32: {=IF('Base case- rivet bad gjenbruk'!$E32="kg",XLOOKUP(A32,'EPD data'!$A$4:$A$31,'EPD data'!$R$4:$R$31),XLOOKUP('Base case- rivet bad gjenbruk'!$A32,'EPD data'!$A$4:$A$31,'EPD data'!$M$4:$M$31))} -> 1.702 | L32: 0 | M32: 0 | N32: 0 | O32: 0 | P32: 0 | Q32: 0 | R32: 0 | S32: 0 | U32: Notera: vikt refererar till 1 st. Kan återbrukas.
A33: Baderomsinnredning | B33: Tre,porselen, plast stål | C33: 0 | D33: =IF('Base case- rivet bad gjenbruk'!$E33="kg",'Base case- rivet bad gjenbruk'!$C33*$B$3,'Base case- rivet bad gjenbruk'!$C33) -> 0 | E33: kg | F33: {=IF('Base case- rivet bad gjenbruk'!$E33="kg",'Base case- rivet bad gjenbruk'!$C33,('Base case- rivet bad gjenbruk'!$C33*XLOOKUP('Base case- rivet bad gjenbruk'!$A33,'EPD data'!$A$4:$A$31,'EPD data'!$H$4:$H$31)))} -> 0 | G33: {=IF('Base case- rivet bad gjenbruk'!$E33="kg",'Base case- rivet bad gjenbruk'!$D33,('Base case- rivet bad gjenbruk'!$D33*XLOOKUP('Base case- rivet bad gjenbruk'!$A33,'EPD data'!$A$4:$A$31,'EPD data'!$H$4:$H$31)))} -> 0 | H33: {=IF('Base case- rivet bad gjenbruk'!$E33="kg",XLOOKUP(A33,'EPD data'!$A$4:$A$31,'EPD data'!$O$4:$O$31),XLOOKUP(A33,'EPD data'!$A$4:$A$31,'EPD data'!$J$4:$J$31))} -> 3.1805 | I33: {=IF('Base case- rivet bad gjenbruk'!$E33="kg",XLOOKUP(A33,'EPD data'!$A$4:$A$31,'EPD data'!$Q$4:$Q$31),XLOOKUP('Base case- rivet bad gjenbruk'!$A33,'EPD data'!$A$4:$A$31,'EPD data'!$L$4:$L$31))} -> 3.1805 | J33: {=IF('Base case- rivet bad gjenbruk'!$E33="kg",XLOOKUP('Base case- rivet bad gjenbruk'!$A33,'EPD data'!$A$4:$A$31,'EPD data'!$P$4:$P$31),XLOOKUP('Base case- rivet bad gjenbruk'!$A33,'EPD data'!$A$4:$A$31,'EPD data'!$K$4:$K$31))} -> 0 | K33: {=IF('Base case- rivet bad gjenbruk'!$E33="kg",XLOOKUP(A33,'EPD data'!$A$4:$A$31,'EPD data'!$R$4:$R$31),XLOOKUP('Base case- rivet bad gjenbruk'!$A33,'EPD data'!$A$4:$A$31,'EPD data'!$M$4:$M$31))} -> 0.0557 | L33: 0 | M33: 0 | N33: 0 | O33: 0 | P33: 0 | Q33: =IFERROR('Base case- rivet bad gjenbruk'!$D33*'Base case- rivet bad gjenbruk'!$J33,0) -> 0 | R33: 0 | S33: 0 | T33: Badekar og dusjkar | U33: Notera: vikt refererar till 1 st. Kan återbrukas.
A34: Total | F34: =SUBTOTAL(109,'Base case- rivet bad gjenbruk'!$F$7:$F$33) -> 253.794 | G34: =SUBTOTAL(109,'Base case- rivet bad gjenbruk'!$G$7:$G$33) -> 1408.294 | L34: =SUBTOTAL(109,'Base case- rivet bad gjenbruk'!$L$7:$L$33) -> 311.18842 | M34: =SUBTOTAL(109,'Base case- rivet bad gjenbruk'!$M$7:$M$33) -> 8.6408867 | N34: =SUBTOTAL(109,'Base case- rivet bad gjenbruk'!$N$7:$N$33) -> 319.82931 | O34: =SUBTOTAL(109,'Base case- rivet bad gjenbruk'!$O$7:$O$33) -> 61.872699 | P34: =SUBTOTAL(109,'Base case- rivet bad gjenbruk'!$P$7:$P$33) -> 1212.4745 | Q34: =SUBTOTAL(109,'Base case- rivet bad gjenbruk'!$Q$7:$Q$33) -> 35.99282 | R34: =SUBTOTAL(109,'Base case- rivet bad gjenbruk'!$R$7:$R$33) -> 1248.4673 | S34: =SUBTOTAL(109,'Base case- rivet bad gjenbruk'!$S$7:$S$33) -> 295.77719 | T34: =SUBTOTAL(103,'Base case- rivet bad gjenbruk'!$T$7:$T$33) -> 24
A36: * I de fall där enheten "pcs" används representerar GWP-värdet utsläppen per styck istället för kg. | N36: TOT | O36: =SUM('Base case- rivet bad gjenbruk'!$N$34:$O$34) -> 381.702 | R36: TOT | S36: =SUM('Base case- rivet bad gjenbruk'!$R$34+'Base case- rivet bad gjenbruk'!$S$34) -> 1544.2445
A37: * Notera att antal "psc" måste redigeras manuellt för att kunna justera antalet enheter
A38: *Notera för Downlights: Denna formeln fungerar upp till 32 kvadratmeter, därefter blir antalet Downlights konstant

Sheet Base case- rivet bad
A1: Base case: Rivet bad
A3: Antal kvadratmeter | B3: ='Resultat - M-tek'!$B$22 -> 6
A5: Produkt- och viktinformation (data från M-Tett/M-Tek) | G5: EPD data | L5: Resultat per kvadratmeter | P5: Resultat per X kvadratmeter
A6: Produkt | B6: Material | C6: Vikt per kvadratmeter | D6: Vekt X m2 | E6: Enhet* | F6: Vekt 1 m2 | G6: Vekt i kg (X kvadratmeter) | H6: A1-A3 GWP (kgCO2e/kg)* | I6: A1-A4 GWP (kgCO2e/kg)* | J6: A4 GWP (kgCO2e/kg)* | K6: C1-C4 GWP (kgCO2e/kg)* | L6: A1-A3 KgCO2e/m2 | M6: A4 KgCO2e/m3 | N6: A1-A4 KgCO2e/m3 | O6: C1-C4 KgCO2e/m2 | P6: A1-A3 KgCO2e/ X m2 | Q6: KgCO2e/X m2(A4 only) | R6: A1-A4 KgCO2e/X m2 | S6: C1-C4 KgCO2e/X m2 | T6: Källa | U6: Kommentar
A7: Sponplater | B7: Trevirke | C7: 10 | D7: =IF('Base case- rivet bad'!$E7="kg",'Base case- rivet bad'!$C7*$B$3,'Base case- rivet bad'!$C7) -> 60 | E7: kg | F7: {=IF('Base case- rivet bad'!$E7="kg",'Base case- rivet bad'!$C7,('Base case- rivet bad'!$C7*XLOOKUP('Base case- rivet bad'!$A7,'EPD data'!$A$4:$A$31,'EPD data'!$H$4:$H$31)))} -> 10 | G7: {=IF('Base case- rivet bad'!$E7="kg",'Base case- rivet bad'!$D7,('Base case- rivet bad'!$D7*XLOOKUP('Base case- rivet bad'!$A7,'EPD data'!$A$4:$A$31,'EPD data'!$H$4:$H$31)))} -> 60 | H7: {=IF('Base case- rivet bad'!$E7="kg",XLOOKUP(A7,'EPD data'!$A$4:$A$31,'EPD data'!$O$4:$O$31),XLOOKUP(A7,'EPD data'!$A$4:$A$31,'EPD data'!$J$4:$J$31))} -> 0.29440628 | I7: {=IF('Base case- rivet bad'!$E7="kg",XLOOKUP(A7,'EPD data'!$A$4:$A$31,'EPD data'!$Q$4:$Q$31),XLOOKUP('Base case- rivet bad'!$A7,'EPD data'!$A$4:$A$31,'EPD data'!$L$4:$L$31))} -> 0.31915984 | J7: {=IF('Base case- rivet bad'!$E7="kg",XLOOKUP('Base case- rivet bad'!$A7,'EPD data'!$A$4:$A$31,'EPD data'!$P$4:$P$31),XLOOKUP('Base case- rivet bad'!$A7,'EPD data'!$A$4:$A$31,'EPD data'!$K$4:$K$31))} -> 0.024753563 | K7: {=IF('Base case- rivet bad'!$E7="kg",XLOOKUP(A7,'EPD data'!$A$4:$A$31,'EPD data'!$R$4:$R$31),XLOOKUP('Base case- rivet bad'!$A7,'EPD data'!$A$4:$A$31,'EPD data'!$M$4:$M$31))} -> 0.18084906 | L7: ='Base case- rivet bad'!$H7*'Base case- rivet bad'!$C7 -> 2.9440628 | M7: ='Base case- rivet bad'!$J7*'Base case- rivet bad'!$C7 -> 0.24753563 | N7: =SUM('Base case- rivet bad'!$L7:$M7) -> 3.1915984 | O7: =IFERROR(K7*C7,0) -> 1.8084906 | P7: =IFERROR(H7*$D7,0) -> 17.664377 | Q7: ='Base case- rivet bad'!$D7*'Base case- rivet bad'!$J7 -> 1.4852138 | R7: ='Base case- rivet bad'!$D7*'Base case- rivet bad'!$I7 -> 19.149591 | S7: ='Base case- rivet bad'!$K7*'Base case- rivet bad'!$D7 -> 10.850944 | T7: Spon | U7: .
A8: Konstruksjonsmaterialet | B8: Trevirke | C8: 13.2 | D8: =IF('Base case- rivet bad'!$E8="kg",'Base case- rivet bad'!$C8*$B$3,'Base case- rivet bad'!$C8) -> 79.2 | E8: kg | F8: {=IF('Base case- rivet bad'!$E8="kg",'Base case- rivet bad'!$C8,('Base case- rivet bad'!$C8*XLOOKUP('Base case- rivet bad'!$A8,'EPD data'!$A$4:$A$31,'EPD data'!$H$4:$H$31)))} -> 13.2 | G8: {=IF('Base case- rivet bad'!$E8="kg",'Base case- rivet bad'!$D8,('Base case- rivet bad'!$D8*XLOOKUP('Base case- rivet bad'!$A8,'EPD data'!$A$4:$A$31,'EPD data'!$H$4:$H$31)))} -> 79.2 | H8: {=IF('Base case- rivet bad'!$E8="kg",XLOOKUP(A8,'EPD data'!$A$4:$A$31,'EPD data'!$O$4:$O$31),XLOOKUP(A8,'EPD data'!$A$4:$A$31,'EPD data'!$J$4:$J$31))} -> 0.10004368 | I8: {=IF('Base case- rivet bad'!$E8="kg",XLOOKUP(A8,'EPD data'!$A$4:$A$31,'EPD data'!$Q$4:$Q$31),XLOOKUP('Base case- rivet bad'!$A8,'EPD data'!$A$4:$A$31,'EPD data'!$L$4:$L$31))} -> 0.10923688 | J8: {=IF('Base case- rivet bad'!$E8="kg",XLOOKUP('Base case- rivet bad'!$A8,'EPD data'!$A$4:$A$31,'EPD data'!$P$4:$P$31),XLOOKUP('Base case- rivet bad'!$A8,'EPD data'!$A$4:$A$31,'EPD data'!$K$4:$K$31))} -> 0.0091932029 | K8: {=IF('Base case- rivet bad'!$E8="kg",XLOOKUP(A8,'EPD data'!$A$4:$A$31,'EPD data'!$R$4:$R$31),XLOOKUP('Base case- rivet bad'!$A8,'EPD data'!$A$4:$A$31,'EPD data'!$M$4:$M$31))} -> 0.027639531 | L8: ='Base case- rivet bad'!$H8*'Base case- rivet bad'!$C8 -> 1.3205766 | M8: ='Base case- rivet bad'!$J8*'Base case- rivet bad'!$C8 -> 0.12135028 | N8: =SUM('Base case- rivet bad'!$L8:$M8) -> 1.4419268 | O8: =IFERROR(K8*C8,0) -> 0.36484181 | P8: =IFERROR(H8*$D8,0) -> 7.9234593 | Q8: ='Base case- rivet bad'!$D8*'Base case- rivet bad'!$J8 -> 0.72810167 | R8: ='Base case- rivet bad'!$D8*'Base case- rivet bad'!$I8 -> 8.651561 | S8: ='Base case- rivet bad'!$K8*'Base case- rivet bad'!$D8 -> 2.1890508 | T8: Trevirke lekting | U8: .
A9: Rupanel | B9: Trevirke | C9: 36 | D9: =IF('Base case- rivet bad'!$E9="kg",'Base case- rivet bad'!$C9*$B$3,'Base case- rivet bad'!$C9) -> 216 | E9: kg | F9: {=IF('Base case- rivet bad'!$E9="kg",'Base case- rivet bad'!$C9,('Base case- rivet bad'!$C9*XLOOKUP('Base case- rivet bad'!$A9,'EPD data'!$A$4:$A$31,'EPD data'!$H$4:$H$31)))} -> 36 | G9: {=IF('Base case- rivet bad'!$E9="kg",'Base case- rivet bad'!$D9,('Base case- rivet bad'!$D9*XLOOKUP('Base case- rivet bad'!$A9,'EPD data'!$A$4:$A$31,'EPD data'!$H$4:$H$31)))} -> 216 | H9: {=IF('Base case- rivet bad'!$E9="kg",XLOOKUP(A9,'EPD data'!$A$4:$A$31,'EPD data'!$O$4:$O$31),XLOOKUP(A9,'EPD data'!$A$4:$A$31,'EPD data'!$J$4:$J$31))} -> 0.13605442 | I9: {=IF('Base case- rivet bad'!$E9="kg",XLOOKUP(A9,'EPD data'!$A$4:$A$31,'EPD data'!$Q$4:$Q$31),XLOOKUP('Base case- rivet bad'!$A9,'EPD data'!$A$4:$A$31,'EPD data'!$L$4:$L$31))} -> 0.1455102 | J9: {=IF('Base case- rivet bad'!$E9="kg",XLOOKUP('Base case- rivet bad'!$A9,'EPD data'!$A$4:$A$31,'EPD data'!$P$4:$P$31),XLOOKUP('Base case- rivet bad'!$A9,'EPD data'!$A$4:$A$31,'EPD data'!$K$4:$K$31))} -> 0.0094557823 | K9: {=IF('Base case- rivet bad'!$E9="kg",XLOOKUP(A9,'EPD data'!$A$4:$A$31,'EPD data'!$R$4:$R$31),XLOOKUP('Base case- rivet bad'!$A9,'EPD data'!$A$4:$A$31,'EPD data'!$M$4:$M$31))} -> 0.018975918 | L9: ='Base case- rivet bad'!$H9*'Base case- rivet bad'!$C9 -> 4.8979592 | M9: ='Base case- rivet bad'!$J9*'Base case- rivet bad'!$C9 -> 0.34040816 | N9: =SUM('Base case- rivet bad'!$L9:$M9) -> 5.2383673 | O9: =IFERROR(K9*C9,0) -> 0.68313306 | P9: =IFERROR(H9*$D9,0) -> 29.387755 | Q9: ='Base case- rivet bad'!$D9*'Base case- rivet bad'!$J9 -> 2.042449 | R9: ='Base case- rivet bad'!$D9*'Base case- rivet bad'!$I9 -> 31.430204 | S9: ='Base case- rivet bad'!$K9*'Base case- rivet bad'!$D9 -> 4.0987984 | T9: Rupanel | U9: .
A10: Membran plater | B10: XPS og glassfiber | C10: 8.8 | D10: =IF('Base case- rivet bad'!$E10="kg",'Base case- rivet bad'!$C10*$B$3,'Base case- rivet bad'!$C10) -> 52.8 | E10: kg | F10: {=IF('Base case- rivet bad'!$E10="kg",'Base case- rivet bad'!$C10,('Base case- rivet bad'!$C10*XLOOKUP('Base case- rivet bad'!$A10,'EPD data'!$A$4:$A$31,'EPD data'!$H$4:$H$31)))} -> 8.8 | G10: {=IF('Base case- rivet bad'!$E10="kg",'Base case- rivet bad'!$D10,('Base case- rivet bad'!$D10*XLOOKUP('Base case- rivet bad'!$A10,'EPD data'!$A$4:$A$31,'EPD data'!$H$4:$H$31)))} -> 52.8 | H10: {=IF('Base case- rivet bad'!$E10="kg",XLOOKUP(A10,'EPD data'!$A$4:$A$31,'EPD data'!$O$4:$O$31),XLOOKUP(A10,'EPD data'!$A$4:$A$31,'EPD data'!$J$4:$J$31))} -> 7.5428571 | I10: {=IF('Base case- rivet bad'!$E10="kg",XLOOKUP(A10,'EPD data'!$A$4:$A$31,'EPD data'!$Q$4:$Q$31),XLOOKUP('Base case- rivet bad'!$A10,'EPD data'!$A$4:$A$31,'EPD data'!$L$4:$L$31))} -> 7.5917714 | J10: {=IF('Base case- rivet bad'!$E10="kg",XLOOKUP('Base case- rivet bad'!$A10,'EPD data'!$A$4:$A$31,'EPD data'!$P$4:$P$31),XLOOKUP('Base case- rivet bad'!$A10,'EPD data'!$A$4:$A$31,'EPD data'!$K$4:$K$31))} -> 0.048914286 | K10: {=IF('Base case- rivet bad'!$E10="kg",XLOOKUP(A10,'EPD data'!$A$4:$A$31,'EPD data'!$R$4:$R$31),XLOOKUP('Base case- rivet bad'!$A10,'EPD data'!$A$4:$A$31,'EPD data'!$M$4:$M$31))} -> 2.3287657 | L10: ='Base case- rivet bad'!$H10*'Base case- rivet bad'!$C10 -> 66.377143 | M10: ='Base case- rivet bad'!$J10*'Base case- rivet bad'!$C10 -> 0.43044571 | N10: =SUM('Base case- rivet bad'!$L10:$M10) -> 66.807589 | O10: =IFERROR(K10*C10,0) -> 20.493138 | P10: =IFERROR(H10*$D10,0) -> 398.26286 | Q10: ='Base case- rivet bad'!$D10*'Base case- rivet bad'!$J10 -> 2.5826743 | R10: ='Base case- rivet bad'!$D10*'Base case- rivet bad'!$I10 -> 400.84553 | S10: ='Base case- rivet bad'!$K10*'Base case- rivet bad'!$D10 -> 122.95883 | T10: Litex våtromsplate | U10: .
A11: Isolasjon | B11: Rockwool | C11: 2.8 | D11: =IF('Base case- rivet bad'!$E11="kg",'Base case- rivet bad'!$C11*$B$3,'Base case- rivet bad'!$C11) -> 16.8 | E11: kg | F11: {=IF('Base case- rivet bad'!$E11="kg",'Base case- rivet bad'!$C11,('Base case- rivet bad'!$C11*XLOOKUP('Base case- rivet bad'!$A11,'EPD data'!$A$4:$A$31,'EPD data'!$H$4:$H$31)))} -> 2.8 | G11: {=IF('Base case- rivet bad'!$E11="kg",'Base case- rivet bad'!$D11,('Base case- rivet bad'!$D11*XLOOKUP('Base case- rivet bad'!$A11,'EPD data'!$A$4:$A$31,'EPD data'!$H$4:$H$31)))} -> 16.8 | H11: {=IF('Base case- rivet bad'!$E11="kg",XLOOKUP(A11,'EPD data'!$A$4:$A$31,'EPD data'!$O$4:$O$31),XLOOKUP(A11,'EPD data'!$A$4:$A$31,'EPD data'!$J$4:$J$31))} -> 0.97241379 | I11: {=IF('Base case- rivet bad'!$E11="kg",XLOOKUP(A11,'EPD data'!$A$4:$A$31,'EPD data'!$Q$4:$Q$31),XLOOKUP('Base case- rivet bad'!$A11,'EPD data'!$A$4:$A$31,'EPD data'!$L$4:$L$31))} -> 1.007931 | J11: {=IF('Base case- rivet bad'!$E11="kg",XLOOKUP('Base case- rivet bad'!$A11,'EPD data'!$A$4:$A$31,'EPD data'!$P$4:$P$31),XLOOKUP('Base case- rivet bad'!$A11,'EPD data'!$A$4:$A$31,'EPD data'!$K$4:$K$31))} -> 0.035517241 | K11: {=IF('Base case- rivet bad'!$E11="kg",XLOOKUP(A11,'EPD data'!$A$4:$A$31,'EPD data'!$R$4:$R$31),XLOOKUP('Base case- rivet bad'!$A11,'EPD data'!$A$4:$A$31,'EPD data'!$M$4:$M$31))} -> 0.017517241 | L11: ='Base case- rivet bad'!$H11*'Base case- rivet bad'!$C11 -> 2.7227586 | M11: ='Base case- rivet bad'!$J11*'Base case- rivet bad'!$C11 -> 0.099448276 | N11: =SUM('Base case- rivet bad'!$L11:$M11) -> 2.8222069 | O11: =IFERROR(K11*C11,0) -> 0.049048276 | P11: =IFERROR(H11*$D11,0) -> 16.336552 | Q11: ='Base case- rivet bad'!$D11*'Base case- rivet bad'!$J11 -> 0.59668966 | R11: ='Base case- rivet bad'!$D11*'Base case- rivet bad'!$I11 -> 16.933241 | S11: ='Base case- rivet bad'!$K11*'Base case- rivet bad'!$D11 -> 0.29428966 | T11: rockwool | U11: .
A12: Sparkel | B12: Jotun våtromsparkel | C12: 1 | D12: =IF('Base case- rivet bad'!$E12="kg",'Base case- rivet bad'!$C12*$B$3,'Base case- rivet bad'!$C12) -> 6 | E12: kg | F12: {=IF('Base case- rivet bad'!$E12="kg",'Base case- rivet bad'!$C12,('Base case- rivet bad'!$C12*XLOOKUP('Base case- rivet bad'!$A12,'EPD data'!$A$4:$A$31,'EPD data'!$H$4:$H$31)))} -> 1 | G12: {=IF('Base case- rivet bad'!$E12="kg",'Base case- rivet bad'!$D12,('Base case- rivet bad'!$D12*XLOOKUP('Base case- rivet bad'!$A12,'EPD data'!$A$4:$A$31,'EPD data'!$H$4:$H$31)))} -> 6 | H12: {=IF('Base case- rivet bad'!$E12="kg",XLOOKUP(A12,'EPD data'!$A$4:$A$31,'EPD data'!$O$4:$O$31),XLOOKUP(A12,'EPD data'!$A$4:$A$31,'EPD data'!$J$4:$J$31))} -> 2.6628 | I12: {=IF('Base case- rivet bad'!$E12="kg",XLOOKUP(A12,'EPD data'!$A$4:$A$31,'EPD data'!$Q$4:$Q$31),XLOOKUP('Base case- rivet bad'!$A12,'EPD data'!$A$4:$A$31,'EPD data'!$L$4:$L$31))} -> 2.6628 | J12: {=IF('Base case- rivet bad'!$E12="kg",XLOOKUP('Base case- rivet bad'!$A12,'EPD data'!$A$4:$A$31,'EPD data'!$P$4:$P$31),XLOOKUP('Base case- rivet bad'!$A12,'EPD data'!$A$4:$A$31,'EPD data'!$K$4:$K$31))} -> 0 | K12: {=IF('Base case- rivet bad'!$E12="kg",XLOOKUP(A12,'EPD data'!$A$4:$A$31,'EPD data'!$R$4:$R$31),XLOOKUP('Base case- rivet bad'!$A12,'EPD data'!$A$4:$A$31,'EPD data'!$M$4:$M$31))} -> 0 | L12: ='Base case- rivet bad'!$H12*'Base case- rivet bad'!$C12 -> 2.6628 | M12: ='Base case- rivet bad'!$J12*'Base case- rivet bad'!$C12 -> 0 | N12: =SUM('Base case- rivet bad'!$L12:$M12) -> 2.6628 | O12: =IFERROR(K12*C12,0) -> 0 | P12: =IFERROR(H12*$D12,0) -> 15.9768 | Q12: ='Base case- rivet bad'!$D12*'Base case- rivet bad'!$J12 -> 0 | R12: ='Base case- rivet bad'!$D12*'Base case- rivet bad'!$I12 -> 15.9768 | S12: ='Base case- rivet bad'!$K12*'Base case- rivet bad'!$D12 -> 0 | T12: jotun våtromsparkel | U12: .
A13: Baderomsstøp | B13: Avrettingsmasse | C13: 22.5 | D13: =IF('Base case- rivet bad'!$E13="kg",'Base case- rivet bad'!$C13*$B$3,'Base case- rivet bad'!$C13) -> 135 | E13: kg | F13: {=IF('Base case- rivet bad'!$E13="kg",'Base case- rivet bad'!$C13,('Base case- rivet bad'!$C13*XLOOKUP('Base case- rivet bad'!$A13,'EPD data'!$A$4:$A$31,'EPD data'!$H$4:$H$31)))} -> 22.5 | G13: {=IF('Base case- rivet bad'!$E13="kg",'Base case- rivet bad'!$D13,('Base case- rivet bad'!$D13*XLOOKUP('Base case- rivet bad'!$A13,'EPD data'!$A$4:$A$31,'EPD data'!$H$4:$H$31)))} -> 135 | H13: {=IF('Base case- rivet bad'!$E13="kg",XLOOKUP(A13,'EPD data'!$A$4:$A$31,'EPD data'!$O$4:$O$31),XLOOKUP(A13,'EPD data'!$A$4:$A$31,'EPD data'!$J$4:$J$31))} -> 0.171 | I13: {=IF('Base case- rivet bad'!$E13="kg",XLOOKUP(A13,'EPD data'!$A$4:$A$31,'EPD data'!$Q$4:$Q$31),XLOOKUP('Base case- rivet bad'!$A13,'EPD data'!$A$4:$A$31,'EPD data'!$L$4:$L$31))} -> 0.171 | J13: {=IF('Base case- rivet bad'!$E13="kg",XLOOKUP('Base case- rivet bad'!$A13,'EPD data'!$A$4:$A$31,'EPD data'!$P$4:$P$31),XLOOKUP('Base case- rivet bad'!$A13,'EPD data'!$A$4:$A$31,'EPD data'!$K$4:$K$31))} -> 0 | K13: {=IF('Base case- rivet bad'!$E13="kg",XLOOKUP(A13,'EPD data'!$A$4:$A$31,'EPD data'!$R$4:$R$31),XLOOKUP('Base case- rivet bad'!$A13,'EPD data'!$A$4:$A$31,'EPD data'!$M$4:$M$31))} -> 0 | L13: ='Base case- rivet bad'!$H13*'Base case- rivet bad'!$C13 -> 3.8475 | M13: ='Base case- rivet bad'!$J13*'Base case- rivet bad'!$C13 -> 0 | N13: =SUM('Base case- rivet bad'!$L13:$M13) -> 3.8475 | O13: =IFERROR(K13*C13,0) -> 0 | P13: =IFERROR(H13*$D13,0) -> 23.085 | Q13: ='Base case- rivet bad'!$D13*'Base case- rivet bad'!$J13 -> 0 | R13: ='Base case- rivet bad'!$D13*'Base case- rivet bad'!$I13 -> 23.085 | S13: ='Base case- rivet bad'!$K13*'Base case- rivet bad'!$D13 -> 0 | T13: avrettingsmasse (Proplan Basic) | U13: .
A14: Armering | B14: Stål | C14: 2.4 | D14: =IF('Base case- rivet bad'!$E14="kg",'Base case- rivet bad'!$C14*$B$3,'Base case- rivet bad'!$C14) -> 14.4 | E14: kg | F14: {=IF('Base case- rivet bad'!$E14="kg",'Base case- rivet bad'!$C14,('Base case- rivet bad'!$C14*XLOOKUP('Base case- rivet bad'!$A14,'EPD data'!$A$4:$A$31,'EPD data'!$H$4:$H$31)))} -> 2.4 | G14: {=IF('Base case- rivet bad'!$E14="kg",'Base case- rivet bad'!$D14,('Base case- rivet bad'!$D14*XLOOKUP('Base case- rivet bad'!$A14,'EPD data'!$A$4:$A$31,'EPD data'!$H$4:$H$31)))} -> 14.4 | H14: {=IF('Base case- rivet bad'!$E14="kg",XLOOKUP(A14,'EPD data'!$A$4:$A$31,'EPD data'!$O$4:$O$31),XLOOKUP(A14,'EPD data'!$A$4:$A$31,'EPD data'!$J$4:$J$31))} -> 0.393 | I14: {=IF('Base case- rivet bad'!$E14="kg",XLOOKUP(A14,'EPD data'!$A$4:$A$31,'EPD data'!$Q$4:$Q$31),XLOOKUP('Base case- rivet bad'!$A14,'EPD data'!$A$4:$A$31,'EPD data'!$L$4:$L$31))} -> 0.4032 | J14: {=IF('Base case- rivet bad'!$E14="kg",XLOOKUP('Base case- rivet bad'!$A14,'EPD data'!$A$4:$A$31,'EPD data'!$P$4:$P$31),XLOOKUP('Base case- rivet bad'!$A14,'EPD data'!$A$4:$A$31,'EPD data'!$K$4:$K$31))} -> 0.0102 | K14: {=IF('Base case- rivet bad'!$E14="kg",XLOOKUP(A14,'EPD data'!$A$4:$A$31,'EPD data'!$R$4:$R$31),XLOOKUP('Base case- rivet bad'!$A14,'EPD data'!$A$4:$A$31,'EPD data'!$M$4:$M$31))} -> 0.067994 | L14: ='Base case- rivet bad'!$H14*'Base case- rivet bad'!$C14 -> 0.9432 | M14: ='Base case- rivet bad'!$J14*'Base case- rivet bad'!$C14 -> 0.02448 | N14: =SUM('Base case- rivet bad'!$L14:$M14) -> 0.96768 | O14: =IFERROR(K14*C14,0) -> 0.1631856 | P14: =IFERROR(H14*$D14,0) -> 5.6592 | Q14: ='Base case- rivet bad'!$D14*'Base case- rivet bad'!$J14 -> 0.14688 | R14: ='Base case- rivet bad'!$D14*'Base case- rivet bad'!$I14 -> 5.80608 | S14: ='Base case- rivet bad'!$K14*'Base case- rivet bad'!$D14 -> 0.9791136 | T14: Armeringsnett | U14: .
A15: Varmekabler med feste | B15: Plast og kobber | C15: 2.4 | D15: =IF('Base case- rivet bad'!$E15="kg",'Base case- rivet bad'!$C15*$B$3,'Base case- rivet bad'!$C15) -> 14.4 | E15: kg | F15: {=IF('Base case- rivet bad'!$E15="kg",'Base case- rivet bad'!$C15,('Base case- rivet bad'!$C15*XLOOKUP('Base case- rivet bad'!$A15,'EPD data'!$A$4:$A$31,'EPD data'!$H$4:$H$31)))} -> 2.4 | G15: {=IF('Base case- rivet bad'!$E15="kg",'Base case- rivet bad'!$D15,('Base case- rivet bad'!$D15*XLOOKUP('Base case- rivet bad'!$A15,'EPD data'!$A$4:$A$31,'EPD data'!$H$4:$H$31)))} -> 14.4 | H15: {=IF('Base case- rivet bad'!$E15="kg",XLOOKUP(A15,'EPD data'!$A$4:$A$31,'EPD data'!$O$4:$O$31),XLOOKUP(A15,'EPD data'!$A$4:$A$31,'EPD data'!$J$4:$J$31))} -> 4.5378151 | I15: {=IF('Base case- rivet bad'!$E15="kg",XLOOKUP(A15,'EPD data'!$A$4:$A$31,'EPD data'!$Q$4:$Q$31),XLOOKUP('Base case- rivet bad'!$A15,'EPD data'!$A$4:$A$31,'EPD data'!$L$4:$L$31))} -> 4.6011204 | J15: {=IF('Base case- rivet bad'!$E15="kg",XLOOKUP('Base case- rivet bad'!$A15,'EPD data'!$A$4:$A$31,'EPD data'!$P$4:$P$31),XLOOKUP('Base case- rivet bad'!$A15,'EPD data'!$A$4:$A$31,'EPD data'!$K$4:$K$31))} -> 0.063305322 | K15: {=IF('Base case- rivet bad'!$E15="kg",XLOOKUP(A15,'EPD data'!$A$4:$A$31,'EPD data'!$R$4:$R$31),XLOOKUP('Base case- rivet bad'!$A15,'EPD data'!$A$4:$A$31,'EPD data'!$M$4:$M$31))} -> 0.8642409 | L15: ='Base case- rivet bad'!$H15*'Base case- rivet bad'!$C15 -> 10.890756 | M15: ='Base case- rivet bad'!$J15*'Base case- rivet bad'!$C15 -> 0.15193277 | N15: =SUM('Base case- rivet bad'!$L15:$M15) -> 11.042689 | O15: =IFERROR(K15*C15,0) -> 2.0741782 | P15: =IFERROR(H15*$D15,0) -> 65.344538 | Q15: ='Base case- rivet bad'!$D15*'Base case- rivet bad'!$J15 -> 0.91159664 | R15: ='Base case- rivet bad'!$D15*'Base case- rivet bad'!$I15 -> 66.256134 | S15: ='Base case- rivet bad'!$K15*'Base case- rivet bad'!$D15 -> 12.445069 | T15: Varmekabel ØS varme | U15: .
A16: Gips i taket | B16: Gips | C16: 18.6 | D16: =IF('Base case- rivet bad'!$E16="kg",'Base case- rivet bad'!$C16*$B$3,'Base case- rivet bad'!$C16) -> 111.6 | E16: kg | F16: {=IF('Base case- rivet bad'!$E16="kg",'Base case- rivet bad'!$C16,('Base case- rivet bad'!$C16*XLOOKUP('Base case- rivet bad'!$A16,'EPD data'!$A$4:$A$31,'EPD data'!$H$4:$H$31)))} -> 18.6 | G16: {=IF('Base case- rivet bad'!$E16="kg",'Base case- rivet bad'!$D16,('Base case- rivet bad'!$D16*XLOOKUP('Base case- rivet bad'!$A16,'EPD data'!$A$4:$A$31,'EPD data'!$H$4:$H$31)))} -> 111.6 | H16: {=IF('Base case- rivet bad'!$E16="kg",XLOOKUP(A16,'EPD data'!$A$4:$A$31,'EPD data'!$O$4:$O$31),XLOOKUP(A16,'EPD data'!$A$4:$A$31,'EPD data'!$J$4:$J$31))} -> 0.17919531 | I16: {=IF('Base case- rivet bad'!$E16="kg",XLOOKUP(A16,'EPD data'!$A$4:$A$31,'EPD data'!$Q$4:$Q$31),XLOOKUP('Base case- rivet bad'!$A16,'EPD data'!$A$4:$A$31,'EPD data'!$L$4:$L$31))} -> 0.20872309 | J16: {=IF('Base case- rivet bad'!$E16="kg",XLOOKUP('Base case- rivet bad'!$A16,'EPD data'!$A$4:$A$31,'EPD data'!$P$4:$P$31),XLOOKUP('Base case- rivet bad'!$A16,'EPD data'!$A$4:$A$31,'EPD data'!$K$4:$K$31))} -> 0.029527781 | K16: {=IF('Base case- rivet bad'!$E16="kg",XLOOKUP(A16,'EPD data'!$A$4:$A$31,'EPD data'!$R$4:$R$31),XLOOKUP('Base case- rivet bad'!$A16,'EPD data'!$A$4:$A$31,'EPD data'!$M$4:$M$31))} -> 0.10180781 | L16: ='Base case- rivet bad'!$H16*'Base case- rivet bad'!$C16 -> 3.3330328 | M16: ='Base case- rivet bad'!$J16*'Base case- rivet bad'!$C16 -> 0.54921672 | N16: =SUM('Base case- rivet bad'!$L16:$M16) -> 3.8822495 | O16: =IFERROR(K16*C16,0) -> 1.8936253 | P16: =IFERROR(H16*$D16,0) -> 19.998197 | Q16: ='Base case- rivet bad'!$D16*'Base case- rivet bad'!$J16 -> 3.2953003 | R16: ='Base case- rivet bad'!$D16*'Base case- rivet bad'!$I16 -> 23.293497 | S16: ='Base case- rivet bad'!$K16*'Base case- rivet bad'!$D16 -> 11.361752 | T16: Gipsplate | U16: .
A17: Masnejtter og tape | B17: Plast | C17: 0.2 | D17: =IF('Base case- rivet bad'!$E17="kg",'Base case- rivet bad'!$C17*$B$3,'Base case- rivet bad'!$C17) -> 1.2 | E17: kg | F17: {=IF('Base case- rivet bad'!$E17="kg",'Base case- rivet bad'!$C17,('Base case- rivet bad'!$C17*XLOOKUP('Base case- rivet bad'!$A17,'EPD data'!$A$4:$A$31,'EPD data'!$H$4:$H$31)))} -> 0.2 | G17: {=IF('Base case- rivet bad'!$E17="kg",'Base case- rivet bad'!$D17,('Base case- rivet bad'!$D17*XLOOKUP('Base case- rivet bad'!$A17,'EPD data'!$A$4:$A$31,'EPD data'!$H$4:$H$31)))} -> 1.2 | H17: {=IF('Base case- rivet bad'!$E17="kg",XLOOKUP(A17,'EPD data'!$A$4:$A$31,'EPD data'!$O$4:$O$31),XLOOKUP(A17,'EPD data'!$A$4:$A$31,'EPD data'!$J$4:$J$31))} -> 4.0233 | I17: {=IF('Base case- rivet bad'!$E17="kg",XLOOKUP(A17,'EPD data'!$A$4:$A$31,'EPD data'!$Q$4:$Q$31),XLOOKUP('Base case- rivet bad'!$A17,'EPD data'!$A$4:$A$31,'EPD data'!$L$4:$L$31))} -> 4.0233 | J17: {=IF('Base case- rivet bad'!$E17="kg",XLOOKUP('Base case- rivet bad'!$A17,'EPD data'!$A$4:$A$31,'EPD data'!$P$4:$P$31),XLOOKUP('Base case- rivet bad'!$A17,'EPD data'!$A$4:$A$31,'EPD data'!$K$4:$K$31))} -> 0 | K17: {=IF('Base case- rivet bad'!$E17="kg",XLOOKUP(A17,'EPD data'!$A$4:$A$31,'EPD data'!$R$4:$R$31),XLOOKUP('Base case- rivet bad'!$A17,'EPD data'!$A$4:$A$31,'EPD data'!$M$4:$M$31))} -> 0 | L17: ='Base case- rivet bad'!$H17*'Base case- rivet bad'!$C17 -> 0.80466 | M17: ='Base case- rivet bad'!$J17*'Base case- rivet bad'!$C17 -> 0 | N17: =SUM('Base case- rivet bad'!$L17:$M17) -> 0.80466 | O17: =IFERROR(K17*C17,0) -> 0 | P17: =IFERROR(H17*$D17,0) -> 4.82796 | Q17: ='Base case- rivet bad'!$D17*'Base case- rivet bad'!$J17 -> 0 | R17: ='Base case- rivet bad'!$D17*'Base case- rivet bad'!$I17 -> 4.82796 | S17: ='Base case- rivet bad'!$K17*'Base case- rivet bad'!$D17 -> 0 | T17: slukmansjett (PCI_Pecitape) | U17: Notera: utsläpp estimerat per material då ingen EPD fanns tillgänglig. Därav är A4+C1-C4 ej inkluderat.
A18: Smøremembran | C18: 2.4 | D18: =IF('Base case- rivet bad'!$E18="kg",'Base case- rivet bad'!$C18*$B$3,'Base case- rivet bad'!$C18) -> 14.4 | E18: kg | F18: {=IF('Base case- rivet bad'!$E18="kg",'Base case- rivet bad'!$C18,('Base case- rivet bad'!$C18*XLOOKUP('Base case- rivet bad'!$A18,'EPD data'!$A$4:$A$31,'EPD data'!$H$4:$H$31)))} -> 2.4 | G18: {=IF('Base case- rivet bad'!$E18="kg",'Base case- rivet bad'!$D18,('Base case- rivet bad'!$D18*XLOOKUP('Base case- rivet bad'!$A18,'EPD data'!$A$4:$A$31,'EPD data'!$H$4:$H$31)))} -> 14.4 | H18: {=IF('Base case- rivet bad'!$E18="kg",XLOOKUP(A18,'EPD data'!$A$4:$A$31,'EPD data'!$O$4:$O$31),XLOOKUP(A18,'EPD data'!$A$4:$A$31,'EPD data'!$J$4:$J$31))} -> 1.36 | I18: {=IF('Base case- rivet bad'!$E18="kg",XLOOKUP(A18,'EPD data'!$A$4:$A$31,'EPD data'!$Q$4:$Q$31),XLOOKUP('Base case- rivet bad'!$A18,'EPD data'!$A$4:$A$31,'EPD data'!$L$4:$L$31))} -> 1.4106 | J18: {=IF('Base case- rivet bad'!$E18="kg",XLOOKUP('Base case- rivet bad'!$A18,'EPD data'!$A$4:$A$31,'EPD data'!$P$4:$P$31),XLOOKUP('Base case- rivet bad'!$A18,'EPD data'!$A$4:$A$31,'EPD data'!$K$4:$K$31))} -> 0.0506 | K18: {=IF('Base case- rivet bad'!$E18="kg",XLOOKUP(A18,'EPD data'!$A$4:$A$31,'EPD data'!$R$4:$R$31),XLOOKUP('Base case- rivet bad'!$A18,'EPD data'!$A$4:$A$31,'EPD data'!$M$4:$M$31))} -> 0.441066 | L18: ='Base case- rivet bad'!$H18*'Base case- rivet bad'!$C18 -> 3.264 | M18: ='Base case- rivet bad'!$J18*'Base case- rivet bad'!$C18 -> 0.12144 | N18: =SUM('Base case- rivet bad'!$L18:$M18) -> 3.38544 | O18: =IFERROR(K18*C18,0) -> 1.0585584 | P18: =IFERROR(H18*$D18,0) -> 19.584 | Q18: ='Base case- rivet bad'!$D18*'Base case- rivet bad'!$J18 -> 0.72864 | R18: ='Base case- rivet bad'!$D18*'Base case- rivet bad'!$I18 -> 20.31264 | S18: ='Base case- rivet bad'!$K18*'Base case- rivet bad'!$D18 -> 6.3513504 | T18: PCI membran (Lastogum) | U18: .
A19: Vann og avløpsrør | B19: Plast | C19: 4.8 | D19: =IF('Base case- rivet bad'!$E19="kg",'Base case- rivet bad'!$C19*$B$3,'Base case- rivet bad'!$C19) -> 28.8 | E19: kg | F19: {=IF('Base case- rivet bad'!$E19="kg",'Base case- rivet bad'!$C19,('Base case- rivet bad'!$C19*XLOOKUP('Base case- rivet bad'!$A19,'EPD data'!$A$4:$A$31,'EPD data'!$H$4:$H$31)))} -> 4.8 | G19: {=IF('Base case- rivet bad'!$E19="kg",'Base case- rivet bad'!$D19,('Base case- rivet bad'!$D19*XLOOKUP('Base case- rivet bad'!$A19,'EPD data'!$A$4:$A$31,'EPD data'!$H$4:$H$31)))} -> 28.8 | H19: {=IF('Base case- rivet bad'!$E19="kg",XLOOKUP(A19,'EPD data'!$A$4:$A$31,'EPD data'!$O$4:$O$31),XLOOKUP(A19,'EPD data'!$A$4:$A$31,'EPD data'!$J$4:$J$31))} -> 3.1 | I19: {=IF('Base case- rivet bad'!$E19="kg",XLOOKUP(A19,'EPD data'!$A$4:$A$31,'EPD data'!$Q$4:$Q$31),XLOOKUP('Base case- rivet bad'!$A19,'EPD data'!$A$4:$A$31,'EPD data'!$L$4:$L$31))} -> 3.344 | J19: {=IF('Base case- rivet bad'!$E19="kg",XLOOKUP('Base case- rivet bad'!$A19,'EPD data'!$A$4:$A$31,'EPD data'!$P$4:$P$31),XLOOKUP('Base case- rivet bad'!$A19,'EPD data'!$A$4:$A$31,'EPD data'!$K$4:$K$31))} -> 0.244 | K19: {=IF('Base case- rivet bad'!$E19="kg",XLOOKUP(A19,'EPD data'!$A$4:$A$31,'EPD data'!$R$4:$R$31),XLOOKUP('Base case- rivet bad'!$A19,'EPD data'!$A$4:$A$31,'EPD data'!$M$4:$M$31))} -> 3.03866 | L19: ='Base case- rivet bad'!$H19*'Base case- rivet bad'!$C19 -> 14.88 | M19: ='Base case- rivet bad'!$J19*'Base case- rivet bad'!$C19 -> 1.1712 | N19: =SUM('Base case- rivet bad'!$L19:$M19) -> 16.0512 | O19: =IFERROR(K19*C19,0) -> 14.585568 | P19: =IFERROR(H19*$D19,0) -> 89.28 | Q19: ='Base case- rivet bad'!$D19*'Base case- rivet bad'!$J19 -> 7.0272 | R19: ='Base case- rivet bad'!$D19*'Base case- rivet bad'!$I19 -> 96.3072 | S19: ='Base case- rivet bad'!$K19*'Base case- rivet bad'!$D19 -> 87.513408 | T19: Rør i rør system roth mulitiplex | U19: .
A20: Elektro, ledninger og stikk og belysning | B20: Plast, kobber stål | C20: See below | U20: .
A21: Downlight | B21: Plast, kobber stål | C21: =IF(B3<=12,4,IF(B3<18,6,IF(B3<=24,8,IF(B3<=28,10,IF(B3<=32,12,12))))) -> 4 | D21: =IF('Base case- rivet bad'!$E21="kg",'Base case- rivet bad'!$C21*$B$3,'Base case- rivet bad'!$C21) -> 4 | E21: pcs | F21: {=IF('Base case- rivet bad'!$E21="kg",'Base case- rivet bad'!$C21,('Base case- rivet bad'!$C21*XLOOKUP('Base case- rivet bad'!$A21,'EPD data'!$A$4:$A$31,'EPD data'!$H$4:$H$31)))} -> 5.48 | G21: {=IF('Base case- rivet bad'!$E21="kg",'Base case- rivet bad'!$D21,('Base case- rivet bad'!$D21*XLOOKUP('Base case- rivet bad'!$A21,'EPD data'!$A$4:$A$31,'EPD data'!$H$4:$H$31)))} -> 5.48 | H21: {=IF('Base case- rivet bad'!$E21="kg",XLOOKUP(A21,'EPD data'!$A$4:$A$31,'EPD data'!$O$4:$O$31),XLOOKUP(A21,'EPD data'!$A$4:$A$31,'EPD data'!$J$4:$J$31))} -> 21.421 | I21: {=IF('Base case- rivet bad'!$E21="kg",XLOOKUP(A21,'EPD data'!$A$4:$A$31,'EPD data'!$Q$4:$Q$31),XLOOKUP('Base case- rivet bad'!$A21,'EPD data'!$A$4:$A$31,'EPD data'!$L$4:$L$31))} -> 21.823 | J21: {=IF('Base case- rivet bad'!$E21="kg",XLOOKUP('Base case- rivet bad'!$A21,'EPD data'!$A$4:$A$31,'EPD data'!$P$4:$P$31),XLOOKUP('Base case- rivet bad'!$A21,'EPD data'!$A$4:$A$31,'EPD data'!$K$4:$K$31))} -> 0.402 | K21: {=IF('Base case- rivet bad'!$E21="kg",XLOOKUP(A21,'EPD data'!$A$4:$A$31,'EPD data'!$R$4:$R$31),XLOOKUP('Base case- rivet bad'!$A21,'EPD data'!$A$4:$A$31,'EPD data'!$M$4:$M$31))} -> 0.4476 | L21: ='Base case- rivet bad'!$H21*'Base case- rivet bad'!$C21 -> 85.684 | M21: ='Base case- rivet bad'!$J21*'Base case- rivet bad'!$C21 -> 1.608 | N21: =SUM('Base case- rivet bad'!$L21:$M21) -> 87.292 | O21: =IFERROR(K21*C21,0) -> 1.7904 | P21: =IFERROR(H21*$D21,0) -> 85.684 | Q21: ='Base case- rivet bad'!$D21*'Base case- rivet bad'!$J21 -> 1.608 | R21: ='Base case- rivet bad'!$D21*'Base case- rivet bad'!$I21 -> 87.292 | S21: ='Base case- rivet bad'!$K21*'Base case- rivet bad'!$D21 -> 1.7904 | T21: Downlights SG eco | U21: Notera: vikt refererar till 1 st
A22: Stickkontakt | B22: Plast, kobber stål | C22: 1 | D22: =IF('Base case- rivet bad'!$E22="kg",'Base case- rivet bad'!$C22*$B$3,'Base case- rivet bad'!$C22) -> 1 | E22: pcs | F22: {=IF('Base case- rivet bad'!$E22="kg",'Base case- rivet bad'!$C22,('Base case- rivet bad'!$C22*XLOOKUP('Base case- rivet bad'!$A22,'EPD data'!$A$4:$A$31,'EPD data'!$H$4:$H$31)))} -> 0.121 | G22: {=IF('Base case- rivet bad'!$E22="kg",'Base case- rivet bad'!$D22,('Base case- rivet bad'!$D22*XLOOKUP('Base case- rivet bad'!$A22,'EPD data'!$A$4:$A$31,'EPD data'!$H$4:$H$31)))} -> 0.121 | H22: {=IF('Base case- rivet bad'!$E22="kg",XLOOKUP(A22,'EPD data'!$A$4:$A$31,'EPD data'!$O$4:$O$31),XLOOKUP(A22,'EPD data'!$A$4:$A$31,'EPD data'!$J$4:$J$31))} -> 0.575 | I22: {=IF('Base case- rivet bad'!$E22="kg",XLOOKUP(A22,'EPD data'!$A$4:$A$31,'EPD data'!$Q$4:$Q$31),XLOOKUP('Base case- rivet bad'!$A22,'EPD data'!$A$4:$A$31,'EPD data'!$L$4:$L$31))} -> 0.5906 | J22: {=IF('Base case- rivet bad'!$E22="kg",XLOOKUP('Base case- rivet bad'!$A22,'EPD data'!$A$4:$A$31,'EPD data'!$P$4:$P$31),XLOOKUP('Base case- rivet bad'!$A22,'EPD data'!$A$4:$A$31,'EPD data'!$K$4:$K$31))} -> 0.0156 | K22: {=IF('Base case- rivet bad'!$E22="kg",XLOOKUP(A22,'EPD data'!$A$4:$A$31,'EPD data'!$R$4:$R$31),XLOOKUP('Base case- rivet bad'!$A22,'EPD data'!$A$4:$A$31,'EPD data'!$M$4:$M$31))} -> 0.0213 | L22: ='Base case- rivet bad'!$H22*'Base case- rivet bad'!$C22 -> 0.575 | M22: ='Base case- rivet bad'!$J22*'Base case- rivet bad'!$C22 -> 0.0156 | N22: =SUM('Base case- rivet bad'!$L22:$M22) -> 0.5906 | O22: =IFERROR(K22*C22,0) -> 0.0213 | P22: =IFERROR(H22*$D22,0) -> 0.575 | Q22: ='Base case- rivet bad'!$D22*'Base case- rivet bad'!$J22 -> 0.0156 | R22: ='Base case- rivet bad'!$D22*'Base case- rivet bad'!$I22 -> 0.5906 | S22: ='Base case- rivet bad'!$K22*'Base case- rivet bad'!$D22 -> 0.0213 | T22: Stikkkontakt Elko plus | U22: Notera: vikt refererar till 1 st
A23: Thermostat | B23: Plast, kobber stål | C23: 1 | D23: =IF('Base case- rivet bad'!$E23="kg",'Base case- rivet bad'!$C23*$B$3,'Base case- rivet bad'!$C23) -> 1 | E23: pcs | F23: {=IF('Base case- rivet bad'!$E23="kg",'Base case- rivet bad'!$C23,('Base case- rivet bad'!$C23*XLOOKUP('Base case- rivet bad'!$A23,'EPD data'!$A$4:$A$31,'EPD data'!$H$4:$H$31)))} -> 2.39 | G23: {=IF('Base case- rivet bad'!$E23="kg",'Base case- rivet bad'!$D23,('Base case- rivet bad'!$D23*XLOOKUP('Base case- rivet bad'!$A23,'EPD data'!$A$4:$A$31,'EPD data'!$H$4:$H$31)))} -> 2.39 | H23: {=IF('Base case- rivet bad'!$E23="kg",XLOOKUP(A23,'EPD data'!$A$4:$A$31,'EPD data'!$O$4:$O$31),XLOOKUP(A23,'EPD data'!$A$4:$A$31,'EPD data'!$J$4:$J$31))} -> 5.62 | I23: {=IF('Base case- rivet bad'!$E23="kg",XLOOKUP(A23,'EPD data'!$A$4:$A$31,'EPD data'!$Q$4:$Q$31),XLOOKUP('Base case- rivet bad'!$A23,'EPD data'!$A$4:$A$31,'EPD data'!$L$4:$L$31))} -> 5.811 | J23: {=IF('Base case- rivet bad'!$E23="kg",XLOOKUP('Base case- rivet bad'!$A23,'EPD data'!$A$4:$A$31,'EPD data'!$P$4:$P$31),XLOOKUP('Base case- rivet bad'!$A23,'EPD data'!$A$4:$A$31,'EPD data'!$K$4:$K$31))} -> 0.191 | K23: {=IF('Base case- rivet bad'!$E23="kg",XLOOKUP(A23,'EPD data'!$A$4:$A$31,'EPD data'!$R$4:$R$31),XLOOKUP('Base case- rivet bad'!$A23,'EPD data'!$A$4:$A$31,'EPD data'!$M$4:$M$31))} -> 0.48955 | L23: ='Base case- rivet bad'!$H23*'Base case- rivet bad'!$C23 -> 5.62 | M23: ='Base case- rivet bad'!$J23*'Base case- rivet bad'!$C23 -> 0.191 | N23: =SUM('Base case- rivet bad'!$L23:$M23) -> 5.811 | O23: =IFERROR(K23*C23,0) -> 0.48955 | P23: =IFERROR(H23*$D23,0) -> 5.62 | Q23: ='Base case- rivet bad'!$D23*'Base case- rivet bad'!$J23 -> 0.191 | R23: ='Base case- rivet bad'!$D23*'Base case- rivet bad'!$I23 -> 5.811 | S23: ='Base case- rivet bad'!$K23*'Base case- rivet bad'!$D23 -> 0.48955 | T23: Thermostat Elko plus | U23: Notera: vikt refererar till 1 st
A24: Rör till downlight | B24: Plast, kobber stål | C24: 1 | D24: =IF('Base case- rivet bad'!$E24="kg",'Base case- rivet bad'!$C24*$B$3,'Base case- rivet bad'!$C24) -> 6 | E24: kg | F24: {=IF('Base case- rivet bad'!$E24="kg",'Base case- rivet bad'!$C24,('Base case- rivet bad'!$C24*XLOOKUP('Base case- rivet bad'!$A24,'EPD data'!$A$4:$A$31,'EPD data'!$H$4:$H$31)))} -> 1 | G24: {=IF('Base case- rivet bad'!$E24="kg",'Base case- rivet bad'!$D24,('Base case- rivet bad'!$D24*XLOOKUP('Base case- rivet bad'!$A24,'EPD data'!$A$4:$A$31,'EPD data'!$H$4:$H$31)))} -> 6 | H24: {=IF('Base case- rivet bad'!$E24="kg",XLOOKUP(A24,'EPD data'!$A$4:$A$31,'EPD data'!$O$4:$O$31),XLOOKUP(A24,'EPD data'!$A$4:$A$31,'EPD data'!$J$4:$J$31))} -> 4.1337 | I24: {=IF('Base case- rivet bad'!$E24="kg",XLOOKUP(A24,'EPD data'!$A$4:$A$31,'EPD data'!$Q$4:$Q$31),XLOOKUP('Base case- rivet bad'!$A24,'EPD data'!$A$4:$A$31,'EPD data'!$L$4:$L$31))} -> 4.3767 | J24: {=IF('Base case- rivet bad'!$E24="kg",XLOOKUP('Base case- rivet bad'!$A24,'EPD data'!$A$4:$A$31,'EPD data'!$P$4:$P$31),XLOOKUP('Base case- rivet bad'!$A24,'EPD data'!$A$4:$A$31,'EPD data'!$K$4:$K$31))} -> 0.243 | K24: {=IF('Base case- rivet bad'!$E24="kg",XLOOKUP(A24,'EPD data'!$A$4:$A$31,'EPD data'!$R$4:$R$31),XLOOKUP('Base case- rivet bad'!$A24,'EPD data'!$A$4:$A$31,'EPD data'!$M$4:$M$31))} -> 3.04062 | L24: ='Base case- rivet bad'!$H24*'Base case- rivet bad'!$C24 -> 4.1337 | M24: ='Base case- rivet bad'!$J24*'Base case- rivet bad'!$C24 -> 0.243 | N24: =SUM('Base case- rivet bad'!$L24:$M24) -> 4.3767 | O24: =IFERROR(K24*C24,0) -> 3.04062 | P24: =IFERROR(H24*$D24,0) -> 24.8022 | Q24: ='Base case- rivet bad'!$D24*'Base case- rivet bad'!$J24 -> 1.458 | R24: ='Base case- rivet bad'!$D24*'Base case- rivet bad'!$I24 -> 26.2602 | S24: ='Base case- rivet bad'!$K24*'Base case- rivet bad'!$D24 -> 18.24372 | T24: Korrigert rør | U24: Notera: vikt refererar till 1 st
A25: Våtromsmaling | B25: Maling | C25: 0.6 | D25: =IF('Base case- rivet bad'!$E25="kg",'Base case- rivet bad'!$C25*$B$3,'Base case- rivet bad'!$C25) -> 3.6 | E25: kg | F25: {=IF('Base case- rivet bad'!$E25="kg",'Base case- rivet bad'!$C25,('Base case- rivet bad'!$C25*XLOOKUP('Base case- rivet bad'!$A25,'EPD data'!$A$4:$A$31,'EPD data'!$H$4:$H$31)))} -> 0.6 | G25: {=IF('Base case- rivet bad'!$E25="kg",'Base case- rivet bad'!$D25,('Base case- rivet bad'!$D25*XLOOKUP('Base case- rivet bad'!$A25,'EPD data'!$A$4:$A$31,'EPD data'!$H$4:$H$31)))} -> 3.6 | H25: {=IF('Base case- rivet bad'!$E25="kg",XLOOKUP(A25,'EPD data'!$A$4:$A$31,'EPD data'!$O$4:$O$31),XLOOKUP(A25,'EPD data'!$A$4:$A$31,'EPD data'!$J$4:$J$31))} -> 3.5354 | I25: {=IF('Base case- rivet bad'!$E25="kg",XLOOKUP(A25,'EPD data'!$A$4:$A$31,'EPD data'!$Q$4:$Q$31),XLOOKUP('Base case- rivet bad'!$A25,'EPD data'!$A$4:$A$31,'EPD data'!$L$4:$L$31))} -> 3.5732 | J25: {=IF('Base case- rivet bad'!$E25="kg",XLOOKUP('Base case- rivet bad'!$A25,'EPD data'!$A$4:$A$31,'EPD data'!$P$4:$P$31),XLOOKUP('Base case- rivet bad'!$A25,'EPD data'!$A$4:$A$31,'EPD data'!$K$4:$K$31))} -> 0.0378 | K25: {=IF('Base case- rivet bad'!$E25="kg",XLOOKUP(A25,'EPD data'!$A$4:$A$31,'EPD data'!$R$4:$R$31),XLOOKUP('Base case- rivet bad'!$A25,'EPD data'!$A$4:$A$31,'EPD data'!$M$4:$M$31))} -> 0.01252 | L25: ='Base case- rivet bad'!$H25*'Base case- rivet bad'!$C25 -> 2.12124 | M25: ='Base case- rivet bad'!$J25*'Base case- rivet bad'!$C25 -> 0.02268 | N25: =SUM('Base case- rivet bad'!$L25:$M25) -> 2.14392 | O25: =IFERROR(K25*C25,0) -> 0.007512 | P25: =IFERROR(H25*$D25,0) -> 12.72744 | Q25: ='Base case- rivet bad'!$D25*'Base case- rivet bad'!$J25 -> 0.13608 | R25: ='Base case- rivet bad'!$D25*'Base case- rivet bad'!$I25 -> 12.86352 | S25: ='Base case- rivet bad'!$K25*'Base case- rivet bad'!$D25 -> 0.045072 | T25: Våtromsmaling | U25: .
A26: Silikon | C26: 0.2 | D26: =IF('Base case- rivet bad'!$E26="kg",'Base case- rivet bad'!$C26*$B$3,'Base case- rivet bad'!$C26) -> 1.2 | E26: kg | F26: {=IF('Base case- rivet bad'!$E26="kg",'Base case- rivet bad'!$C26,('Base case- rivet bad'!$C26*XLOOKUP('Base case- rivet bad'!$A26,'EPD data'!$A$4:$A$31,'EPD data'!$H$4:$H$31)))} -> 0.2 | G26: {=IF('Base case- rivet bad'!$E26="kg",'Base case- rivet bad'!$D26,('Base case- rivet bad'!$D26*XLOOKUP('Base case- rivet bad'!$A26,'EPD data'!$A$4:$A$31,'EPD data'!$H$4:$H$31)))} -> 1.2 | H26: {=IF('Base case- rivet bad'!$E26="kg",XLOOKUP(A26,'EPD data'!$A$4:$A$31,'EPD data'!$O$4:$O$31),XLOOKUP(A26,'EPD data'!$A$4:$A$31,'EPD data'!$J$4:$J$31))} -> 5.36 | I26: {=IF('Base case- rivet bad'!$E26="kg",XLOOKUP(A26,'EPD data'!$A$4:$A$31,'EPD data'!$Q$4:$Q$31),XLOOKUP('Base case- rivet bad'!$A26,'EPD data'!$A$4:$A$31,'EPD data'!$L$4:$L$31))} -> 5.4181 | J26: {=IF('Base case- rivet bad'!$E26="kg",XLOOKUP('Base case- rivet bad'!$A26,'EPD data'!$A$4:$A$31,'EPD data'!$P$4:$P$31),XLOOKUP('Base case- rivet bad'!$A26,'EPD data'!$A$4:$A$31,'EPD data'!$K$4:$K$31))} -> 0.0581 | K26: {=IF('Base case- rivet bad'!$E26="kg",XLOOKUP(A26,'EPD data'!$A$4:$A$31,'EPD data'!$R$4:$R$31),XLOOKUP('Base case- rivet bad'!$A26,'EPD data'!$A$4:$A$31,'EPD data'!$M$4:$M$31))} -> 0.441066 | L26: ='Base case- rivet bad'!$H26*'Base case- rivet bad'!$C26 -> 1.072 | M26: ='Base case- rivet bad'!$J26*'Base case- rivet bad'!$C26 -> 0.01162 | N26: =SUM('Base case- rivet bad'!$L26:$M26) -> 1.08362 | O26: =IFERROR(K26*C26,0) -> 0.0882132 | P26: =IFERROR(H26*$D26,0) -> 6.432 | Q26: ='Base case- rivet bad'!$D26*'Base case- rivet bad'!$J26 -> 0.06972 | R26: ='Base case- rivet bad'!$D26*'Base case- rivet bad'!$I26 -> 6.50172 | S26: ='Base case- rivet bad'!$K26*'Base case- rivet bad'!$D26 -> 0.5292792 | T26: silikon | U26: .
A27: Fliser | C27: 100 | D27: =IF('Base case- rivet bad'!$E27="kg",'Base case- rivet bad'!$C27*$B$3,'Base case- rivet bad'!$C27) -> 600 | E27: kg | F27: {=IF('Base case- rivet bad'!$E27="kg",'Base case- rivet bad'!$C27,('Base case- rivet bad'!$C27*XLOOKUP('Base case- rivet bad'!$A27,'EPD data'!$A$4:$A$31,'EPD data'!$H$4:$H$31)))} -> 100 | G27: {=IF('Base case- rivet bad'!$E27="kg",'Base case- rivet bad'!$D27,('Base case- rivet bad'!$D27*XLOOKUP('Base case- rivet bad'!$A27,'EPD data'!$A$4:$A$31,'EPD data'!$H$4:$H$31)))} -> 600 | H27: {=IF('Base case- rivet bad'!$E27="kg",XLOOKUP(A27,'EPD data'!$A$4:$A$31,'EPD data'!$O$4:$O$31),XLOOKUP(A27,'EPD data'!$A$4:$A$31,'EPD data'!$J$4:$J$31))} -> 0.52476349 | I27: {=IF('Base case- rivet bad'!$E27="kg",XLOOKUP(A27,'EPD data'!$A$4:$A$31,'EPD data'!$Q$4:$Q$31),XLOOKUP('Base case- rivet bad'!$A27,'EPD data'!$A$4:$A$31,'EPD data'!$L$4:$L$31))} -> 0.54307179 | J27: {=IF('Base case- rivet bad'!$E27="kg",XLOOKUP('Base case- rivet bad'!$A27,'EPD data'!$A$4:$A$31,'EPD data'!$P$4:$P$31),XLOOKUP('Base case- rivet bad'!$A27,'EPD data'!$A$4:$A$31,'EPD data'!$K$4:$K$31))} -> 0.018308292 | K27: {=IF('Base case- rivet bad'!$E27="kg",XLOOKUP(A27,'EPD data'!$A$4:$A$31,'EPD data'!$R$4:$R$31),XLOOKUP('Base case- rivet bad'!$A27,'EPD data'!$A$4:$A$31,'EPD data'!$M$4:$M$31))} -> 0.0047078464 | L27: ='Base case- rivet bad'!$H27*'Base case- rivet bad'!$C27 -> 52.476349 | M27: ='Base case- rivet bad'!$J27*'Base case- rivet bad'!$C27 -> 1.8308292 | N27: =SUM('Base case- rivet bad'!$L27:$M27) -> 54.307179 | O27: =IFERROR(K27*C27,0) -> 0.47078464 | P27: =IFERROR(H27*$D27,0) -> 314.8581 | Q27: ='Base case- rivet bad'!$D27*'Base case- rivet bad'!$J27 -> 10.984975 | R27: ='Base case- rivet bad'!$D27*'Base case- rivet bad'!$I27 -> 325.84307 | S27: ='Base case- rivet bad'!$K27*'Base case- rivet bad'!$D27 -> 2.8247078 | T27: fliser | U27: .
A28: Flislim og fuger | C28: 4 | D28: =IF('Base case- rivet bad'!$E28="kg",'Base case- rivet bad'!$C28*$B$3,'Base case- rivet bad'!$C28) -> 24 | E28: kg | F28: {=IF('Base case- rivet bad'!$E28="kg",'Base case- rivet bad'!$C28,('Base case- rivet bad'!$C28*XLOOKUP('Base case- rivet bad'!$A28,'EPD data'!$A$4:$A$31,'EPD data'!$H$4:$H$31)))} -> 4 | G28: {=IF('Base case- rivet bad'!$E28="kg",'Base case- rivet bad'!$D28,('Base case- rivet bad'!$D28*XLOOKUP('Base case- rivet bad'!$A28,'EPD data'!$A$4:$A$31,'EPD data'!$H$4:$H$31)))} -> 24 | H28: {=IF('Base case- rivet bad'!$E28="kg",XLOOKUP(A28,'EPD data'!$A$4:$A$31,'EPD data'!$O$4:$O$31),XLOOKUP(A28,'EPD data'!$A$4:$A$31,'EPD data'!$J$4:$J$31))} -> 0.39137 | I28: {=IF('Base case- rivet bad'!$E28="kg",XLOOKUP(A28,'EPD data'!$A$4:$A$31,'EPD data'!$Q$4:$Q$31),XLOOKUP('Base case- rivet bad'!$A28,'EPD data'!$A$4:$A$31,'EPD data'!$L$4:$L$31))} -> 0.41757 | J28: {=IF('Base case- rivet bad'!$E28="kg",XLOOKUP('Base case- rivet bad'!$A28,'EPD data'!$A$4:$A$31,'EPD data'!$P$4:$P$31),XLOOKUP('Base case- rivet bad'!$A28,'EPD data'!$A$4:$A$31,'EPD data'!$K$4:$K$31))} -> 0.0262 | K28: {=IF('Base case- rivet bad'!$E28="kg",XLOOKUP(A28,'EPD data'!$A$4:$A$31,'EPD data'!$R$4:$R$31),XLOOKUP('Base case- rivet bad'!$A28,'EPD data'!$A$4:$A$31,'EPD data'!$M$4:$M$31))} -> 0 | L28: ='Base case- rivet bad'!$H28*'Base case- rivet bad'!$C28 -> 1.56548 | M28: ='Base case- rivet bad'!$J28*'Base case- rivet bad'!$C28 -> 0.1048 | N28: =SUM('Base case- rivet bad'!$L28:$M28) -> 1.67028 | O28: =IFERROR(K28*C28,0) -> 0 | P28: =IFERROR(H28*$D28,0) -> 9.39288 | Q28: ='Base case- rivet bad'!$D28*'Base case- rivet bad'!$J28 -> 0.6288 | R28: ='Base case- rivet bad'!$D28*'Base case- rivet bad'!$I28 -> 10.02168 | S28: ='Base case- rivet bad'!$K28*'Base case- rivet bad'!$D28 -> 0 | T28: Flislim | U28: .
A29: Sluk og slukrist | B29: Stål,plast | C29: 1 | D29: =IF('Base case- rivet bad'!$E29="kg",'Base case- rivet bad'!$C29*$B$3,'Base case- rivet bad'!$C29) -> 1 | E29: pcs | F29: {=IF('Base case- rivet bad'!$E29="kg",'Base case- rivet bad'!$C29,('Base case- rivet bad'!$C29*XLOOKUP('Base case- rivet bad'!$A29,'EPD data'!$A$4:$A$31,'EPD data'!$H$4:$H$31)))} -> 0.94 | G29: {=IF('Base case- rivet bad'!$E29="kg",'Base case- rivet bad'!$D29,('Base case- rivet bad'!$D29*XLOOKUP('Base case- rivet bad'!$A29,'EPD data'!$A$4:$A$31,'EPD data'!$H$4:$H$31)))} -> 0.94 | H29: {=IF('Base case- rivet bad'!$E29="kg",XLOOKUP(A29,'EPD data'!$A$4:$A$31,'EPD data'!$O$4:$O$31),XLOOKUP(A29,'EPD data'!$A$4:$A$31,'EPD data'!$J$4:$J$31))} -> 0.5272 | I29: {=IF('Base case- rivet bad'!$E29="kg",XLOOKUP(A29,'EPD data'!$A$4:$A$31,'EPD data'!$Q$4:$Q$31),XLOOKUP('Base case- rivet bad'!$A29,'EPD data'!$A$4:$A$31,'EPD data'!$L$4:$L$31))} -> 0.5963 | J29: {=IF('Base case- rivet bad'!$E29="kg",XLOOKUP('Base case- rivet bad'!$A29,'EPD data'!$A$4:$A$31,'EPD data'!$P$4:$P$31),XLOOKUP('Base case- rivet bad'!$A29,'EPD data'!$A$4:$A$31,'EPD data'!$K$4:$K$31))} -> 0.0691 | K29: {=IF('Base case- rivet bad'!$E29="kg",XLOOKUP(A29,'EPD data'!$A$4:$A$31,'EPD data'!$R$4:$R$31),XLOOKUP('Base case- rivet bad'!$A29,'EPD data'!$A$4:$A$31,'EPD data'!$M$4:$M$31))} -> 1.665022 | L29: ='Base case- rivet bad'!$H29*'Base case- rivet bad'!$C29 -> 0.5272 | M29: ='Base case- rivet bad'!$J29*'Base case- rivet bad'!$C29 -> 0.0691 | N29: =SUM('Base case- rivet bad'!$L29:$M29) -> 0.5963 | O29: =IFERROR(K29*C29,0) -> 1.665022 | P29: =IFERROR(H29*$D29,0) -> 0.5272 | Q29: ='Base case- rivet bad'!$D29*'Base case- rivet bad'!$J29 -> 0.0691 | R29: ='Base case- rivet bad'!$D29*'Base case- rivet bad'!$I29 -> 0.5963 | S29: ='Base case- rivet bad'!$K29*'Base case- rivet bad'!$D29 -> 1.665022 | T29: Sluk (sliderain) | U29: .
A30: Sisterne | B30: Stål (80%), isipor og plast | C30: 1 | D30: =IF('Base case- rivet bad'!$E30="kg",'Base case- rivet bad'!$C30*$B$3,'Base case- rivet bad'!$C30) -> 1 | E30: pcs | F30: {=IF('Base case- rivet bad'!$E30="kg",'Base case- rivet bad'!$C30,('Base case- rivet bad'!$C30*XLOOKUP('Base case- rivet bad'!$A30,'EPD data'!$A$4:$A$31,'EPD data'!$H$4:$H$31)))} -> 13.6 | G30: {=IF('Base case- rivet bad'!$E30="kg",'Base case- rivet bad'!$D30,('Base case- rivet bad'!$D30*XLOOKUP('Base case- rivet bad'!$A30,'EPD data'!$A$4:$A$31,'EPD data'!$H$4:$H$31)))} -> 13.6 | H30: {=IF('Base case- rivet bad'!$E30="kg",XLOOKUP(A30,'EPD data'!$A$4:$A$31,'EPD data'!$O$4:$O$31),XLOOKUP(A30,'EPD data'!$A$4:$A$31,'EPD data'!$J$4:$J$31))} -> 36.8 | I30: {=IF('Base case- rivet bad'!$E30="kg",XLOOKUP(A30,'EPD data'!$A$4:$A$31,'EPD data'!$Q$4:$Q$31),XLOOKUP('Base case- rivet bad'!$A30,'EPD data'!$A$4:$A$31,'EPD data'!$L$4:$L$31))} -> 38.04 | J30: {=IF('Base case- rivet bad'!$E30="kg",XLOOKUP('Base case- rivet bad'!$A30,'EPD data'!$A$4:$A$31,'EPD data'!$P$4:$P$31),XLOOKUP('Base case- rivet bad'!$A30,'EPD data'!$A$4:$A$31,'EPD data'!$K$4:$K$31))} -> 1.24 | K30: {=IF('Base case- rivet bad'!$E30="kg",XLOOKUP(A30,'EPD data'!$A$4:$A$31,'EPD data'!$R$4:$R$31),XLOOKUP('Base case- rivet bad'!$A30,'EPD data'!$A$4:$A$31,'EPD data'!$M$4:$M$31))} -> 11.06163 | L30: ='Base case- rivet bad'!$H30*'Base case- rivet bad'!$C30 -> 36.8 | M30: ='Base case- rivet bad'!$J30*'Base case- rivet bad'!$C30 -> 1.24 | N30: =SUM('Base case- rivet bad'!$L30:$M30) -> 38.04 | O30: =IFERROR(K30*C30,0) -> 11.06163 | P30: =IFERROR(H30*$D30,0) -> 36.8 | Q30: ='Base case- rivet bad'!$D30*'Base case- rivet bad'!$J30 -> 1.24 | R30: ='Base case- rivet bad'!$D30*'Base case- rivet bad'!$I30 -> 38.04 | S30: ='Base case- rivet bad'!$K30*'Base case- rivet bad'!$D30 -> 11.06163 | U30: .
A31: Toalett | B31: Porselen | C31: 1 | D31: =IF('Base case- rivet bad'!$E31="kg",'Base case- rivet bad'!$C31*$B$3,'Base case- rivet bad'!$C31) -> 1 | E31: pcs | F31: {=IF('Base case- rivet bad'!$E31="kg",'Base case- rivet bad'!$C31,('Base case- rivet bad'!$C31*XLOOKUP('Base case- rivet bad'!$A31,'EPD data'!$A$4:$A$31,'EPD data'!$H$4:$H$31)))} -> 32.27 | G31: {=IF('Base case- rivet bad'!$E31="kg",'Base case- rivet bad'!$D31,('Base case- rivet bad'!$D31*XLOOKUP('Base case- rivet bad'!$A31,'EPD data'!$A$4:$A$31,'EPD data'!$H$4:$H$31)))} -> 32.27 | H31: {=IF('Base case- rivet bad'!$E31="kg",XLOOKUP(A31,'EPD data'!$A$4:$A$31,'EPD data'!$O$4:$O$31),XLOOKUP(A31,'EPD data'!$A$4:$A$31,'EPD data'!$J$4:$J$31))} -> 77.1 | I31: {=IF('Base case- rivet bad'!$E31="kg",XLOOKUP(A31,'EPD data'!$A$4:$A$31,'EPD data'!$Q$4:$Q$31),XLOOKUP('Base case- rivet bad'!$A31,'EPD data'!$A$4:$A$31,'EPD data'!$L$4:$L$31))} -> 77.1 | J31: {=IF('Base case- rivet bad'!$E31="kg",XLOOKUP('Base case- rivet bad'!$A31,'EPD data'!$A$4:$A$31,'EPD data'!$P$4:$P$31),XLOOKUP('Base case- rivet bad'!$A31,'EPD data'!$A$4:$A$31,'EPD data'!$K$4:$K$31))} -> 0 | K31: {=IF('Base case- rivet bad'!$E31="kg",XLOOKUP(A31,'EPD data'!$A$4:$A$31,'EPD data'!$R$4:$R$31),XLOOKUP('Base case- rivet bad'!$A31,'EPD data'!$A$4:$A$31,'EPD data'!$M$4:$M$31))} -> 0.903 | L31: ='Base case- rivet bad'!$H31*'Base case- rivet bad'!$C31 -> 77.1 | M31: ='Base case- rivet bad'!$J31*'Base case- rivet bad'!$C31 -> 0 | N31: =SUM('Base case- rivet bad'!$L31:$M31) -> 77.1 | O31: =IFERROR(K31*C31,0) -> 0.903 | P31: =IFERROR(H31*$D31,0) -> 77.1 | Q31: ='Base case- rivet bad'!$D31*'Base case- rivet bad'!$J31 -> 0 | R31: ='Base case- rivet bad'!$D31*'Base case- rivet bad'!$I31 -> 77.1 | S31: ='Base case- rivet bad'!$K31*'Base case- rivet bad'!$D31 -> 0.903 | T31: Gustavsberg toalett | U31: Notera: vikt refererar till 1 st. Kan återbrukas.
A32: Dusjevegger | B32: Glass (90%) plast (5%) og stål (5%) | C32: 1 | D32: =IF('Base case- rivet bad'!$E32="kg",'Base case- rivet bad'!$C32*$B$3,'Base case- rivet bad'!$C32) -> 1 | E32: pcs | F32: {=IF('Base case- rivet bad'!$E32="kg",'Base case- rivet bad'!$C32,('Base case- rivet bad'!$C32*XLOOKUP('Base case- rivet bad'!$A32,'EPD data'!$A$4:$A$31,'EPD data'!$H$4:$H$31)))} -> 53.2702 | G32: {=IF('Base case- rivet bad'!$E32="kg",'Base case- rivet bad'!$D32,('Base case- rivet bad'!$D32*XLOOKUP('Base case- rivet bad'!$A32,'EPD data'!$A$4:$A$31,'EPD data'!$H$4:$H$31)))} -> 53.2702 | H32: {=IF('Base case- rivet bad'!$E32="kg",XLOOKUP(A32,'EPD data'!$A$4:$A$31,'EPD data'!$O$4:$O$31),XLOOKUP(A32,'EPD data'!$A$4:$A$31,'EPD data'!$J$4:$J$31))} -> 246 | I32: {=IF('Base case- rivet bad'!$E32="kg",XLOOKUP(A32,'EPD data'!$A$4:$A$31,'EPD data'!$Q$4:$Q$31),XLOOKUP('Base case- rivet bad'!$A32,'EPD data'!$A$4:$A$31,'EPD data'!$L$4:$L$31))} -> 265.5 | J32: {=IF('Base case- rivet bad'!$E32="kg",XLOOKUP('Base case- rivet bad'!$A32,'EPD data'!$A$4:$A$31,'EPD data'!$P$4:$P$31),XLOOKUP('Base case- rivet bad'!$A32,'EPD data'!$A$4:$A$31,'EPD data'!$K$4:$K$31))} -> 19.5 | K32: {=IF('Base case- rivet bad'!$E32="kg",XLOOKUP(A32,'EPD data'!$A$4:$A$31,'EPD data'!$R$4:$R$31),XLOOKUP('Base case- rivet bad'!$A32,'EPD data'!$A$4:$A$31,'EPD data'!$M$4:$M$31))} -> 1.702 | L32: ='Base case- rivet bad'!$H32*'Base case- rivet bad'!$C32 -> 246 | M32: ='Base case- rivet bad'!$J32*'Base case- rivet bad'!$C32 -> 19.5 | N32: =SUM('Base case- rivet bad'!$L32:$M32) -> 265.5 | O32: =IFERROR(K32*C32,0) -> 1.702 | P32: =IFERROR(H32*$D32,0) -> 246 | Q32: ='Base case- rivet bad'!$D32*'Base case- rivet bad'!$J32 -> 19.5 | R32: ='Base case- rivet bad'!$D32*'Base case- rivet bad'!$I32 -> 265.5 | S32: ='Base case- rivet bad'!$K32*'Base case- rivet bad'!$D32 -> 1.702 | U32: Notera: vikt refererar till 1 st. Kan återbrukas.
A33: Baderomsinnredning | B33: Tre,porselen, plast stål | C33: 7 | D33: =IF('Base case- rivet bad'!$E33="kg",'Base case- rivet bad'!$C33*$B$3,'Base case- rivet bad'!$C33) -> 42 | E33: kg | F33: {=IF('Base case- rivet bad'!$E33="kg",'Base case- rivet bad'!$C33,('Base case- rivet bad'!$C33*XLOOKUP('Base case- rivet bad'!$A33,'EPD data'!$A$4:$A$31,'EPD data'!$H$4:$H$31)))} -> 7 | G33: {=IF('Base case- rivet bad'!$E33="kg",'Base case- rivet bad'!$D33,('Base case- rivet bad'!$D33*XLOOKUP('Base case- rivet bad'!$A33,'EPD data'!$A$4:$A$31,'EPD data'!$H$4:$H$31)))} -> 42 | H33: {=IF('Base case- rivet bad'!$E33="kg",XLOOKUP(A33,'EPD data'!$A$4:$A$31,'EPD data'!$O$4:$O$31),XLOOKUP(A33,'EPD data'!$A$4:$A$31,'EPD data'!$J$4:$J$31))} -> 3.1805 | I33: {=IF('Base case- rivet bad'!$E33="kg",XLOOKUP(A33,'EPD data'!$A$4:$A$31,'EPD data'!$Q$4:$Q$31),XLOOKUP('Base case- rivet bad'!$A33,'EPD data'!$A$4:$A$31,'EPD data'!$L$4:$L$31))} -> 3.1805 | J33: {=IF('Base case- rivet bad'!$E33="kg",XLOOKUP('Base case- rivet bad'!$A33,'EPD data'!$A$4:$A$31,'EPD data'!$P$4:$P$31),XLOOKUP('Base case- rivet bad'!$A33,'EPD data'!$A$4:$A$31,'EPD data'!$K$4:$K$31))} -> 0 | K33: {=IF('Base case- rivet bad'!$E33="kg",XLOOKUP(A33,'EPD data'!$A$4:$A$31,'EPD data'!$R$4:$R$31),XLOOKUP('Base case- rivet bad'!$A33,'EPD data'!$A$4:$A$31,'EPD data'!$M$4:$M$31))} -> 0.0557 | L33: ='Base case- rivet bad'!$H33*'Base case- rivet bad'!$C33 -> 22.2635 | M33: ='Base case- rivet bad'!$J33*'Base case- rivet bad'!$C33 -> 0 | N33: =SUM('Base case- rivet bad'!$L33:$M33) -> 22.2635 | O33: =IFERROR(K33*C33,0) -> 0.3899 | P33: =IFERROR(H33*$D33,0) -> 133.581 | Q33: ='Base case- rivet bad'!$D33*'Base case- rivet bad'!$J33 -> 0 | R33: ='Base case- rivet bad'!$D33*'Base case- rivet bad'!$I33 -> 133.581 | S33: ='Base case- rivet bad'!$K33*'Base case- rivet bad'!$D33 -> 2.3394 | T33: Badekar og dusjkar | U33: Notera: vikt refererar till 1 st. Kan återbrukas.
A34: Total | F34: =SUBTOTAL(109,'Base case- rivet bad'!$F$7:$F$33) -> 345.9712 | G34: =SUBTOTAL(109,'Base case- rivet bad'!$G$7:$G$33) -> 1535.4712 | L34: =SUBTOTAL(109,'Base case- rivet bad'!$L$7:$L$33) -> 654.82692 | M34: =SUBTOTAL(109,'Base case- rivet bad'!$M$7:$M$33) -> 28.094087 | N34: =SUBTOTAL(109,'Base case- rivet bad'!$N$7:$N$33) -> 682.92101 | O34: =SUBTOTAL(109,'Base case- rivet bad'!$O$7:$O$33) -> 64.803699 | P34: =SUBTOTAL(109,'Base case- rivet bad'!$P$7:$P$33) -> 1667.4305 | Q34: =SUBTOTAL(109,'Base case- rivet bad'!$Q$7:$Q$33) -> 55.44602 | R34: =SUBTOTAL(109,'Base case- rivet bad'!$R$7:$R$33) -> 1722.8765 | S34: =SUBTOTAL(109,'Base case- rivet bad'!$S$7:$S$33) -> 300.65769 | T34: =SUBTOTAL(103,'Base case- rivet bad'!$T$7:$T$33) -> 24
A36: * I de fall där enheten "pcs" används representerar GWP-värdet utsläppen per styck istället för kg. | N36: TOT | O36: ='Base case- rivet bad'!$N$34+'Base case- rivet bad'!$O$34 -> 747.7247 | R36: TOT | S36: =SUM(P34,Q34,S34) -> 2023.5342
A37: * Notera att antal "psc" måste redigeras manuellt för att kunna justera antalet enheter
A38: *Notera för Downlights: Denna formeln fungerar upp till 32 kvadratmeter, därefter blir antalet Downlights konstant

Sheet M-TEK manipulated
B1: Mangler.. Med i M-tetts rivet bad
B2: Konstruksjonsmaterialet
B3: Isolasjon
B4: Sparkel | D4: anta samma som M-tett
D5: Vekt 5 m2
A6: Base case: Rivet bad | B6: Rive badet
B7: Produkt | C7: Materialet | D7: Vekt
B8: Sponplater | C8: Trevirke | D8: 50
B9: Rupanel | C9: Trevirke | D9: 180
B10: Membran plater | C10: XPS og glassfiber | D10: 44
B11: Baderomsstøp | C11: Avrettingsmasse | D11: 450
B12: Armering | C12: Stål | D12: 12
B13: Varmekabler med feste | C13: Plast og kobber | D13: 12
B14: Gips i taket | C14: Gips | D14: 93
B15: Smøremembran | D15: 12
B16: Masnejtter og tape | C16: Plast | D16: 1
B17: Vann og avløpsrør | C17: Plast | D17: 24
B18: Elektro, ledninger og stikk og belysning | C18: Plast,kobber stål | D18: 2
B19: Våtromsmaling | C19: Maling | D19: 3
B20: Silikon | D20: 1
B21: Fliser | D21: =25*28.04 -> 701
B22: Flislim og fuger | D22: 20
B23: Sluk og slukrist | C23: Stål,plast | D23: 1
B24: Sisterne | C24: Stål, isipor og plast | D24: 17
A25: Kan återbrukes | B25: Toalett | C25: Porselen | D25: 24
A26: Kan återbrukes | B26: Dusjevegger | C26: Glass plast og stål | D26: 31
A27: Kan återbrukes | B27: Baderomsinnredning | C27: Tre,porselen, plast stål | D27: 35
C28: Total | D28: =SUM(D8:D27) -> 1713
A30: M-tek - Värmekabelreparation
A31: Info Case 2.1 och 2.2
A32: Case 2.1. inkluderar endast punktreparation av värmekablar. Detta förutsätter att en punktsreparation kan göras, vilket inte alltid är fallet. Resultatet av detta case ärutsläpp knyttet till en punktreparation.
A33: Case 2.2 Detta case inkluderar att M-TEK åker ut till site för att se om punktreparasjon av värmekablar kan göras, och att bedömningen är att de måste lägga ett nytt golv. Resultaten av detta case är utsläpp kopplat till att man måste lägga ett helt nytt golv.
A36: Case 2.1 M-tek
A37: Punktreparasjon varmekabel - ikke avhengig av m2 | E37: EPD data | I37: Resultat per kvadratmeter
A38: Produkt | B38: Material | C38: Vikt per kvadratmeter | D38: Enhet* | E38: A1-A3 GWP (kgCO2e/kg)* | F38: A4 GWP (kgCO2e/kg)* | G38: A-A44 GWP (kgCO2e/kg)*2 | H38: C1-C4 GWP (kgCO2e/kg)* | I38: A1-A3 KgCO2e/m2 | J38: A4 KgCO2e/m3 | K38: A1-A4 KgCO2e/m3 | L38: C1-C4 KgCO2e/m2 | M38: kommentar
A39: Smøremembran | C39: 0.5 | D39: kg | E39: {=XLOOKUP('M-TEK manipulated'!$A39,'EPD data'!$A$4:$A$31,'EPD data'!$O$4:$O$31)} -> 1.36 | F39: {=XLOOKUP('M-TEK manipulated'!$A39,'EPD data'!$A$4:$A$31,'EPD data'!$P$4:$P$31)} -> 0.0506 | G39: =SUM('M-TEK manipulated'!$E39:$F39) -> 1.4106 | H39: {=XLOOKUP('M-TEK manipulated'!$A39,'EPD data'!$A$4:$A$31,'EPD data'!$R$4:$R$31)} -> 0.441066 | I39: =IFERROR('M-TEK manipulated'!$E39*'M-TEK manipulated'!$C39,"-") -> 0.68 | J39: =IFERROR('M-TEK manipulated'!$F39*'M-TEK manipulated'!$C39,"-") -> 0.0253 | K39: =IFERROR('M-TEK manipulated'!$G39*'M-TEK manipulated'!$C39,"-") -> 0.7053 | L39: =IFERROR('M-TEK manipulated'!$H39*'M-TEK manipulated'!$C39,"-") -> 0.220533
A40: Erstatningsflis | C40: 1 | D40: kg | E40: ='EPD data'!O21 -> 0.52476349 | F40: ='EPD data'!P21 -> 0.018308292 | G40: ='EPD data'!Q21 -> 0.54307179 | H40: ='EPD data'!R21 -> 0.0047078464 | I40: =IFERROR('M-TEK manipulated'!$E40*'M-TEK manipulated'!$C40,"-") -> 0.52476349 | J40: =IFERROR('M-TEK manipulated'!$F40*'M-TEK manipulated'!$C40,"-") -> 0.018308292 | K40: =IFERROR('M-TEK manipulated'!$G40*'M-TEK manipulated'!$C40,"-") -> 0.54307179 | L40: =IFERROR('M-TEK manipulated'!$H40*'M-TEK manipulated'!$C40,"-") -> 0.0047078464
A41: Varmekabel lodding | C41: 0.1 | D41: kg | E41: ='EPD data'!O13 -> 4.5378151 | F41: ='EPD data'!P13 -> 0.063305322 | G41: ='EPD data'!Q13 -> 4.6011204 | H41: ='EPD data'!R13 -> 0.8642409 | I41: =IFERROR('M-TEK manipulated'!$E41*'M-TEK manipulated'!$C41,"-") -> 0.45378151 | J41: =IFERROR('M-TEK manipulated'!$F41*'M-TEK manipulated'!$C41,"-") -> 0.0063305322 | K41: =IFERROR('M-TEK manipulated'!$G41*'M-TEK manipulated'!$C41,"-") -> 0.46011204 | L41: =IFERROR('M-TEK manipulated'!$H41*'M-TEK manipulated'!$C41,"-") -> 0.08642409 | M41: samma EPD som varmekabel med feste
A42: Baderomsstøp | C42: 5 | D42: kg | E42: {=XLOOKUP('M-TEK manipulated'!$A42,'EPD data'!$A$4:$A$31,'EPD data'!$O$4:$O$31)} -> 0.171 | F42: {=XLOOKUP('M-TEK manipulated'!$A42,'EPD data'!$A$4:$A$31,'EPD data'!$P$4:$P$31)} -> 0 | G42: =SUM('M-TEK manipulated'!$E42:$F42) -> 0.171 | H42: {=XLOOKUP('M-TEK manipulated'!$A42,'EPD data'!$A$4:$A$31,'EPD data'!$R$4:$R$31)} -> 0 | I42: =IFERROR('M-TEK manipulated'!$E42*'M-TEK manipulated'!$C42,"-") -> 0.855 | J42: =IFERROR('M-TEK manipulated'!$F42*'M-TEK manipulated'!$C42,"-") -> 0 | K42: =IFERROR('M-TEK manipulated'!$G42*'M-TEK manipulated'!$C42,"-") -> 0.855 | L42: =IFERROR('M-TEK manipulated'!$H42*'M-TEK manipulated'!$C42,"-") -> 0
A43: Flislim og fuger | C43: 0.5 | D43: kg | E43: {=XLOOKUP('M-TEK manipulated'!$A43,'EPD data'!$A$4:$A$31,'EPD data'!$O$4:$O$31)} -> 0.39137 | F43: {=XLOOKUP('M-TEK manipulated'!$A43,'EPD data'!$A$4:$A$31,'EPD data'!$P$4:$P$31)} -> 0.0262 | G43: =SUM('M-TEK manipulated'!$E43:$F43) -> 0.41757 | H43: {=XLOOKUP('M-TEK manipulated'!$A43,'EPD data'!$A$4:$A$31,'EPD data'!$R$4:$R$31)} -> 0 | I43: =IFERROR('M-TEK manipulated'!$E43*'M-TEK manipulated'!$C43,"-") -> 0.195685 | J43: =IFERROR('M-TEK manipulated'!$F43*'M-TEK manipulated'!$C43,"-") -> 0.0131 | K43: =IFERROR('M-TEK manipulated'!$G43*'M-TEK manipulated'!$C43,"-") -> 0.208785 | L43: =IFERROR('M-TEK manipulated'!$H43*'M-TEK manipulated'!$C43,"-") -> 0
A44: Silikon | C44: 0 | D44: kg | E44: {=XLOOKUP('M-TEK manipulated'!$A44,'EPD data'!$A$4:$A$31,'EPD data'!$O$4:$O$31)} -> 5.36 | F44: {=XLOOKUP('M-TEK manipulated'!$A44,'EPD data'!$A$4:$A$31,'EPD data'!$P$4:$P$31)} -> 0.0581 | G44: =SUM('M-TEK manipulated'!$E44:$F44) -> 5.4181 | H44: {=XLOOKUP('M-TEK manipulated'!$A44,'EPD data'!$A$4:$A$31,'EPD data'!$R$4:$R$31)} -> 0.441066 | I44: =IFERROR('M-TEK manipulated'!$E44*'M-TEK manipulated'!$C44,"-") -> 0 | J44: =IFERROR('M-TEK manipulated'!$F44*'M-TEK manipulated'!$C44,"-") -> 0 | K44: =IFERROR('M-TEK manipulated'!$G44*'M-TEK manipulated'!$C44,"-") -> 0 | L44: =IFERROR('M-TEK manipulated'!$H44*'M-TEK manipulated'!$C44,"-") -> 0
B45: Totalt | C45: =SUM('M-TEK manipulated'!$C$39:$C$44) -> 7.1 | D45: kg | I45: =SUM('M-TEK manipulated'!$I$39:$I$44) -> 2.70923 | J45: =SUM('M-TEK manipulated'!$J$39:$J$44) -> 0.063038824 | K45: =SUM('M-TEK manipulated'!$K$39:$K$44) -> 2.7722688 | L45: =SUM('M-TEK manipulated'!$L$39:$L$44) -> 0.31166494
I47: TOT | J47: =K45+L45 -> 3.0839338
A50: Case 2.2 M-tek
A52: Antal kvadratmeter | B52: ='Resultat - M-tek'!$B$22 -> 6
A54: Legge nytt gulv - avhengig av baderom størrelse i m2 | F54: EPD data | L54: Resultat per kvadratmeter | P54: Resultat per X kvadratmeter
A55: Produkt | B55: Material | C55: Vikt per kvadratmeter | D55: Vekt X m2 | E55: Enhet* | F55: Vekt 1 m2 | G55: Vekt i kg (X kvadratmeter) | H55: A1-A3 GWP (kgCO2e/kg) | I55: A4 | J55: A1-A4 GWP (kgCO2e/kg) | K55: C1-C4 GWP (kgCO2e/kg) | L55: A1-A3 KgCO2e/m2 | M55: A1-A4 KgCO2e/m2 | N55: KgCO2e/m2 (A4 only) | O55: C1-C4 KgCO2e/m2 | P55: A1-A3 KgCO2e/ X m2 | Q55: KgCO2e/X m2(A4 only) | R55: A1-A4 KgCO2e/X m2 | S55: C1-C4 KgCO2e/X m2 | T55: Källa | U55: Kommentar
A56: Smøremembran | C56: 2.4 | D56: ='M-TEK manipulated'!$C56*$B$52 -> 14.4 | E56: kg | F56: {=IF('M-TEK manipulated'!$E56="kg",'M-TEK manipulated'!$C56,('M-TEK manipulated'!$C56*XLOOKUP('M-TEK manipulated'!$A56,'EPD data'!$A$4:$A$31,'EPD data'!$H$4:$H$31)))} -> 2.4 | G56: {=IF('M-TEK manipulated'!$E56="kg",'M-TEK manipulated'!$D56,('M-TEK manipulated'!$D56*XLOOKUP('M-TEK manipulated'!$A56,'EPD data'!$A$4:$A$31,'EPD data'!$H$4:$H$31)))} -> 14.4 | H56: {=IF('M-TEK manipulated'!$E56="kg",XLOOKUP('M-TEK manipulated'!$A56,'EPD data'!$A$4:$A$31,'EPD data'!$O$4:$O$31,),XLOOKUP('M-TEK manipulated'!$A56,'EPD data'!$A$4:$A$31,'EPD data'!$J$4:$J$31))} -> 1.36 | I56: {=IF('M-TEK manipulated'!$E56="kg",XLOOKUP('M-TEK manipulated'!$A56,'EPD data'!$A$4:$A$31,'EPD data'!$P$4:$P$31),XLOOKUP('M-TEK manipulated'!$A56,'EPD data'!$A$4:$A$31,'EPD data'!$K$4:$K$31))} -> 0.0506 | J56: {=IF('M-TEK manipulated'!$E56="kg",XLOOKUP('M-TEK manipulated'!$A56,'EPD data'!$A$4:$A$31,'EPD data'!$Q$4:$Q$31,),XLOOKUP('M-TEK manipulated'!$A56,'EPD data'!$A$4:$A$31,'EPD data'!$L$4:$L$31))} -> 1.4106 | K56: {=IF('M-TEK manipulated'!$E56="kg",XLOOKUP('M-TEK manipulated'!$A56,'EPD data'!$A$4:$A$31,'EPD data'!$R$4:$R$31),XLOOKUP('M-TEK manipulated'!$A56,'EPD data'!$A$4:$A$31,'EPD data'!$M$4:$M$31))} -> 0.441066 | L56: =IFERROR('M-TEK manipulated'!$C56*'M-TEK manipulated'!$H56,) -> 3.264 | M56: ='M-TEK manipulated'!$C56*'M-TEK manipulated'!$J56 -> 3.38544 | N56: ='M-TEK manipulated'!$M56-'M-TEK manipulated'!$L56 -> 0.12144 | O56: ='M-TEK manipulated'!$C56*'M-TEK manipulated'!$K56 -> 1.0585584 | P56: =IFERROR('M-TEK manipulated'!$H56*'M-TEK manipulated'!$D56,"-") -> 19.584 | Q56: =R56-P56 -> 0.72864 | R56: =IFERROR('M-TEK manipulated'!$J56*'M-TEK manipulated'!$D56,"-") -> 20.31264 | S56: =IFERROR('M-TEK manipulated'!$K56*'M-TEK manipulated'!$D56,"-") -> 6.3513504 | T56: {=XLOOKUP('M-TEK manipulated'!$A56,'EPD data'!$A$4:$A$31,'EPD data'!$B$4:$B$31)} -> PCI membran (Lastogum)
A57: Masnejtter og tape | B57: Plast | C57: 0.2 | D57: ='M-TEK manipulated'!$C57*$B$52 -> 1.2 | E57: kg | F57: {=IF('M-TEK manipulated'!$E57="kg",'M-TEK manipulated'!$C57,('M-TEK manipulated'!$C57*XLOOKUP('M-TEK manipulated'!$A57,'EPD data'!$A$4:$A$31,'EPD data'!$H$4:$H$31)))} -> 0.2 | G57: {=IF('M-TEK manipulated'!$E57="kg",'M-TEK manipulated'!$D57,('M-TEK manipulated'!$D57*XLOOKUP('M-TEK manipulated'!$A57,'EPD data'!$A$4:$A$31,'EPD data'!$H$4:$H$31)))} -> 1.2 | H57: {=IF('M-TEK manipulated'!$E57="kg",XLOOKUP('M-TEK manipulated'!$A57,'EPD data'!$A$4:$A$31,'EPD data'!$O$4:$O$31,),XLOOKUP('M-TEK manipulated'!$A57,'EPD data'!$A$4:$A$31,'EPD data'!$J$4:$J$31))} -> 4.0233 | I57: {=IF('M-TEK manipulated'!$E57="kg",XLOOKUP('M-TEK manipulated'!$A57,'EPD data'!$A$4:$A$31,'EPD data'!$P$4:$P$31),XLOOKUP('M-TEK manipulated'!$A57,'EPD data'!$A$4:$A$31,'EPD data'!$K$4:$K$31))} -> 0 | J57: {=IF('M-TEK manipulated'!$E57="kg",XLOOKUP('M-TEK manipulated'!$A57,'EPD data'!$A$4:$A$31,'EPD data'!$Q$4:$Q$31,),XLOOKUP('M-TEK manipulated'!$A57,'EPD data'!$A$4:$A$31,'EPD data'!$L$4:$L$31))} -> 4.0233 | K57: {=IF('M-TEK manipulated'!$E57="kg",XLOOKUP('M-TEK manipulated'!$A57,'EPD data'!$A$4:$A$31,'EPD data'!$R$4:$R$31),XLOOKUP('M-TEK manipulated'!$A57,'EPD data'!$A$4:$A$31,'EPD data'!$M$4:$M$31))} -> 0 | L57: =IFERROR('M-TEK manipulated'!$C57*'M-TEK manipulated'!$H57,) -> 0.80466 | M57: ='M-TEK manipulated'!$C57*'M-TEK manipulated'!$J57 -> 0.80466 | N57: ='M-TEK manipulated'!$M57-'M-TEK manipulated'!$L57 -> 0 | O57: ='M-TEK manipulated'!$C57*'M-TEK manipulated'!$K57 -> 0 | P57: =IFERROR('M-TEK manipulated'!$H57*'M-TEK manipulated'!$D57,"-") -> 4.82796 | Q57: =R57-P57 -> 0 | R57: =IFERROR('M-TEK manipulated'!$J57*'M-TEK manipulated'!$D57,"-") -> 4.82796 | S57: =IFERROR('M-TEK manipulated'!$K57*'M-TEK manipulated'!$D57,"-") -> 0 | T57: {=XLOOKUP('M-TEK manipulated'!$A57,'EPD data'!$A$4:$A$31,'EPD data'!$B$4:$B$31)} -> slukmansjett (PCI_Pecitape)
A58: Sluk og slukrist | C58: 1 | D58: 1 | E58: pcs | F58: {=IF('M-TEK manipulated'!$E58="kg",'M-TEK manipulated'!$C58,('M-TEK manipulated'!$C58*XLOOKUP('M-TEK manipulated'!$A58,'EPD data'!$A$4:$A$31,'EPD data'!$H$4:$H$31)))} -> 0.94 | G58: {=IF('M-TEK manipulated'!$E58="kg",'M-TEK manipulated'!$D58,('M-TEK manipulated'!$D58*XLOOKUP('M-TEK manipulated'!$A58,'EPD data'!$A$4:$A$31,'EPD data'!$H$4:$H$31)))} -> 0.94 | H58: {=IF('M-TEK manipulated'!$E58="kg",XLOOKUP('M-TEK manipulated'!$A58,'EPD data'!$A$4:$A$31,'EPD data'!$O$4:$O$31,),XLOOKUP('M-TEK manipulated'!$A58,'EPD data'!$A$4:$A$31,'EPD data'!$J$4:$J$31))} -> 0.5272 | I58: {=IF('M-TEK manipulated'!$E58="kg",XLOOKUP('M-TEK manipulated'!$A58,'EPD data'!$A$4:$A$31,'EPD data'!$P$4:$P$31),XLOOKUP('M-TEK manipulated'!$A58,'EPD data'!$A$4:$A$31,'EPD data'!$K$4:$K$31))} -> 0.0691 | J58: {=IF('M-TEK manipulated'!$E58="kg",XLOOKUP('M-TEK manipulated'!$A58,'EPD data'!$A$4:$A$31,'EPD data'!$Q$4:$Q$31,),XLOOKUP('M-TEK manipulated'!$A58,'EPD data'!$A$4:$A$31,'EPD data'!$L$4:$L$31))} -> 0.5963 | K58: {=IF('M-TEK manipulated'!$E58="kg",XLOOKUP('M-TEK manipulated'!$A58,'EPD data'!$A$4:$A$31,'EPD data'!$R$4:$R$31),XLOOKUP('M-TEK manipulated'!$A58,'EPD data'!$A$4:$A$31,'EPD data'!$M$4:$M$31))} -> 1.665022 | L58: =IFERROR('M-TEK manipulated'!$C58*'M-TEK manipulated'!$H58,) -> 0.5272 | M58: ='M-TEK manipulated'!$C58*'M-TEK manipulated'!$J58 -> 0.5963 | N58: ='M-TEK manipulated'!$M58-'M-TEK manipulated'!$L58 -> 0.0691 | O58: ='M-TEK manipulated'!$C58*'M-TEK manipulated'!$K58 -> 1.665022 | P58: =IFERROR('M-TEK manipulated'!$H58*'M-TEK manipulated'!$D58,"-") -> 0.5272 | Q58: =R58-P58 -> 0.0691 | R58: =IFERROR('M-TEK manipulated'!$J58*'M-TEK manipulated'!$D58,"-") -> 0.5963 | S58: =IFERROR('M-TEK manipulated'!$K58*'M-TEK manipulated'!$D58,"-") -> 1.665022 | T58: {=XLOOKUP('M-TEK manipulated'!$A58,'EPD data'!$A$4:$A$31,'EPD data'!$B$4:$B$31)} -> Sluk (sliderain)
A59: Baderomsstøp | B59: Avrettingsmasse | C59: 5 | D59: ='M-TEK manipulated'!$C59*$B$52 -> 30 | E59: kg | F59: {=IF('M-TEK manipulated'!$E59="kg",'M-TEK manipulated'!$C59,('M-TEK manipulated'!$C59*XLOOKUP('M-TEK manipulated'!$A59,'EPD data'!$A$4:$A$31,'EPD data'!$H$4:$H$31)))} -> 5 | G59: {=IF('M-TEK manipulated'!$E59="kg",'M-TEK manipulated'!$D59,('M-TEK manipulated'!$D59*XLOOKUP('M-TEK manipulated'!$A59,'EPD data'!$A$4:$A$31,'EPD data'!$H$4:$H$31)))} -> 30 | H59: {=IF('M-TEK manipulated'!$E59="kg",XLOOKUP('M-TEK manipulated'!$A59,'EPD data'!$A$4:$A$31,'EPD data'!$O$4:$O$31,),XLOOKUP('M-TEK manipulated'!$A59,'EPD data'!$A$4:$A$31,'EPD data'!$J$4:$J$31))} -> 0.171 | I59: {=IF('M-TEK manipulated'!$E59="kg",XLOOKUP('M-TEK manipulated'!$A59,'EPD data'!$A$4:$A$31,'EPD data'!$P$4:$P$31),XLOOKUP('M-TEK manipulated'!$A59,'EPD data'!$A$4:$A$31,'EPD data'!$K$4:$K$31))} -> 0 | J59: {=IF('M-TEK manipulated'!$E59="kg",XLOOKUP('M-TEK manipulated'!$A59,'EPD data'!$A$4:$A$31,'EPD data'!$Q$4:$Q$31,),XLOOKUP('M-TEK manipulated'!$A59,'EPD data'!$A$4:$A$31,'EPD data'!$L$4:$L$31))} -> 0.171 | K59: {=IF('M-TEK manipulated'!$E59="kg",XLOOKUP('M-TEK manipulated'!$A59,'EPD data'!$A$4:$A$31,'EPD data'!$R$4:$R$31),XLOOKUP('M-TEK manipulated'!$A59,'EPD data'!$A$4:$A$31,'EPD data'!$M$4:$M$31))} -> 0 | L59: =IFERROR('M-TEK manipulated'!$C59*'M-TEK manipulated'!$H59,) -> 0.855 | M59: ='M-TEK manipulated'!$C59*'M-TEK manipulated'!$J59 -> 0.855 | N59: ='M-TEK manipulated'!$M59-'M-TEK manipulated'!$L59 -> 0 | O59: ='M-TEK manipulated'!$C59*'M-TEK manipulated'!$K59 -> 0 | P59: =IFERROR('M-TEK manipulated'!$H59*'M-TEK manipulated'!$D59,"-") -> 5.13 | Q59: =R59-P59 -> 0 | R59: =IFERROR('M-TEK manipulated'!$J59*'M-TEK manipulated'!$D59,"-") -> 5.13 | S59: =IFERROR('M-TEK manipulated'!$K59*'M-TEK manipulated'!$D59,"-") -> 0 | T59: {=XLOOKUP('M-TEK manipulated'!$A59,'EPD data'!$A$4:$A$31,'EPD data'!$B$4:$B$31)} -> avrettingsmasse (Proplan Basic)
A60: Fliser | C60: 25 | D60: ='M-TEK manipulated'!$C60*$B$52 -> 150 | E60: kg | F60: {=IF('M-TEK manipulated'!$E60="kg",'M-TEK manipulated'!$C60,('M-TEK manipulated'!$C60*XLOOKUP('M-TEK manipulated'!$A60,'EPD data'!$A$4:$A$31,'EPD data'!$H$4:$H$31)))} -> 25 | G60: {=IF('M-TEK manipulated'!$E60="kg",'M-TEK manipulated'!$D60,('M-TEK manipulated'!$D60*XLOOKUP('M-TEK manipulated'!$A60,'EPD data'!$A$4:$A$31,'EPD data'!$H$4:$H$31)))} -> 150 | H60: {=IF('M-TEK manipulated'!$E60="kg",XLOOKUP('M-TEK manipulated'!$A60,'EPD data'!$A$4:$A$31,'EPD data'!$O$4:$O$31,),XLOOKUP('M-TEK manipulated'!$A60,'EPD data'!$A$4:$A$31,'EPD data'!$J$4:$J$31))} -> 0.52476349 | I60: {=IF('M-TEK manipulated'!$E60="kg",XLOOKUP('M-TEK manipulated'!$A60,'EPD data'!$A$4:$A$31,'EPD data'!$P$4:$P$31),XLOOKUP('M-TEK manipulated'!$A60,'EPD data'!$A$4:$A$31,'EPD data'!$K$4:$K$31))} -> 0.018308292 | J60: {=IF('M-TEK manipulated'!$E60="kg",XLOOKUP('M-TEK manipulated'!$A60,'EPD data'!$A$4:$A$31,'EPD data'!$Q$4:$Q$31,),XLOOKUP('M-TEK manipulated'!$A60,'EPD data'!$A$4:$A$31,'EPD data'!$L$4:$L$31))} -> 0.54307179 | K60: {=IF('M-TEK manipulated'!$E60="kg",XLOOKUP('M-TEK manipulated'!$A60,'EPD data'!$A$4:$A$31,'EPD data'!$R$4:$R$31),XLOOKUP('M-TEK manipulated'!$A60,'EPD data'!$A$4:$A$31,'EPD data'!$M$4:$M$31))} -> 0.0047078464 | L60: =IFERROR('M-TEK manipulated'!$C60*'M-TEK manipulated'!$H60,) -> 13.119087 | M60: ='M-TEK manipulated'!$C60*'M-TEK manipulated'!$J60 -> 13.576795 | N60: ='M-TEK manipulated'!$M60-'M-TEK manipulated'!$L60 -> 0.45770729 | O60: ='M-TEK manipulated'!$C60*'M-TEK manipulated'!$K60 -> 0.11769616 | P60: =IFERROR('M-TEK manipulated'!$H60*'M-TEK manipulated'!$D60,"-") -> 78.714524 | Q60: =R60-P60 -> 2.7462437 | R60: =IFERROR('M-TEK manipulated'!$J60*'M-TEK manipulated'!$D60,"-") -> 81.460768 | S60: =IFERROR('M-TEK manipulated'!$K60*'M-TEK manipulated'!$D60,"-") -> 0.70617696 | T60: {=XLOOKUP('M-TEK manipulated'!$A60,'EPD data'!$A$4:$A$31,'EPD data'!$B$4:$B$31)} -> fliser
A61: Flislim og fuger | C61: 4 | D61: ='M-TEK manipulated'!$C61*$B$52 -> 24 | E61: kg | F61: {=IF('M-TEK manipulated'!$E61="kg",'M-TEK manipulated'!$C61,('M-TEK manipulated'!$C61*XLOOKUP('M-TEK manipulated'!$A61,'EPD data'!$A$4:$A$31,'EPD data'!$H$4:$H$31)))} -> 4 | G61: {=IF('M-TEK manipulated'!$E61="kg",'M-TEK manipulated'!$D61,('M-TEK manipulated'!$D61*XLOOKUP('M-TEK manipulated'!$A61,'EPD data'!$A$4:$A$31,'EPD data'!$H$4:$H$31)))} -> 24 | H61: {=IF('M-TEK manipulated'!$E61="kg",XLOOKUP('M-TEK manipulated'!$A61,'EPD data'!$A$4:$A$31,'EPD data'!$O$4:$O$31,),XLOOKUP('M-TEK manipulated'!$A61,'EPD data'!$A$4:$A$31,'EPD data'!$J$4:$J$31))} -> 0.39137 | I61: {=IF('M-TEK manipulated'!$E61="kg",XLOOKUP('M-TEK manipulated'!$A61,'EPD data'!$A$4:$A$31,'EPD data'!$P$4:$P$31),XLOOKUP('M-TEK manipulated'!$A61,'EPD data'!$A$4:$A$31,'EPD data'!$K$4:$K$31))} -> 0.0262 | J61: {=IF('M-TEK manipulated'!$E61="kg",XLOOKUP('M-TEK manipulated'!$A61,'EPD data'!$A$4:$A$31,'EPD data'!$Q$4:$Q$31,),XLOOKUP('M-TEK manipulated'!$A61,'EPD data'!$A$4:$A$31,'EPD data'!$L$4:$L$31))} -> 0.41757 | K61: {=IF('M-TEK manipulated'!$E61="kg",XLOOKUP('M-TEK manipulated'!$A61,'EPD data'!$A$4:$A$31,'EPD data'!$R$4:$R$31),XLOOKUP('M-TEK manipulated'!$A61,'EPD data'!$A$4:$A$31,'EPD data'!$M$4:$M$31))} -> 0 | L61: =IFERROR('M-TEK manipulated'!$C61*'M-TEK manipulated'!$H61,) -> 1.56548 | M61: ='M-TEK manipulated'!$C61*'M-TEK manipulated'!$J61 -> 1.67028 | N61: ='M-TEK manipulated'!$M61-'M-TEK manipulated'!$L61 -> 0.1048 | O61: ='M-TEK manipulated'!$C61*'M-TEK manipulated'!$K61 -> 0 | P61: =IFERROR('M-TEK manipulated'!$H61*'M-TEK manipulated'!$D61,"-") -> 9.39288 | Q61: =R61-P61 -> 0.6288 | R61: =IFERROR('M-TEK manipulated'!$J61*'M-TEK manipulated'!$D61,"-") -> 10.02168 | S61: =IFERROR('M-TEK manipulated'!$K61*'M-TEK manipulated'!$D61,"-") -> 0 | T61: {=XLOOKUP('M-TEK manipulated'!$A61,'EPD data'!$A$4:$A$31,'EPD data'!$B$4:$B$31)} -> Flislim
A62: Silikon | C62: 0.1 | D62: ='M-TEK manipulated'!$C62*$B$52 -> 0.6 | E62: kg | F62: {=IF('M-TEK manipulated'!$E62="kg",'M-TEK manipulated'!$C62,('M-TEK manipulated'!$C62*XLOOKUP('M-TEK manipulated'!$A62,'EPD data'!$A$4:$A$31,'EPD data'!$H$4:$H$31)))} -> 0.1 | G62: {=IF('M-TEK manipulated'!$E62="kg",'M-TEK manipulated'!$D62,('M-TEK manipulated'!$D62*XLOOKUP('M-TEK manipulated'!$A62,'EPD data'!$A$4:$A$31,'EPD data'!$H$4:$H$31)))} -> 0.6 | H62: {=IF('M-TEK manipulated'!$E62="kg",XLOOKUP('M-TEK manipulated'!$A62,'EPD data'!$A$4:$A$31,'EPD data'!$O$4:$O$31,),XLOOKUP('M-TEK manipulated'!$A62,'EPD data'!$A$4:$A$31,'EPD data'!$J$4:$J$31))} -> 5.36 | I62: {=IF('M-TEK manipulated'!$E62="kg",XLOOKUP('M-TEK manipulated'!$A62,'EPD data'!$A$4:$A$31,'EPD data'!$P$4:$P$31),XLOOKUP('M-TEK manipulated'!$A62,'EPD data'!$A$4:$A$31,'EPD data'!$K$4:$K$31))} -> 0.0581 | J62: {=IF('M-TEK manipulated'!$E62="kg",XLOOKUP('M-TEK manipulated'!$A62,'EPD data'!$A$4:$A$31,'EPD data'!$Q$4:$Q$31,),XLOOKUP('M-TEK manipulated'!$A62,'EPD data'!$A$4:$A$31,'EPD data'!$L$4:$L$31))} -> 5.4181 | K62: {=IF('M-TEK manipulated'!$E62="kg",XLOOKUP('M-TEK manipulated'!$A62,'EPD data'!$A$4:$A$31,'EPD data'!$R$4:$R$31),XLOOKUP('M-TEK manipulated'!$A62,'EPD data'!$A$4:$A$31,'EPD data'!$M$4:$M$31))} -> 0.441066 | L62: =IFERROR('M-TEK manipulated'!$C62*'M-TEK manipulated'!$H62,) -> 0.536 | M62: ='M-TEK manipulated'!$C62*'M-TEK manipulated'!$J62 -> 0.54181 | N62: ='M-TEK manipulated'!$M62-'M-TEK manipulated'!$L62 -> 0.00581 | O62: ='M-TEK manipulated'!$C62*'M-TEK manipulated'!$K62 -> 0.0441066 | P62: =IFERROR('M-TEK manipulated'!$H62*'M-TEK manipulated'!$D62,"-") -> 3.216 | Q62: =R62-P62 -> 0.03486 | R62: =IFERROR('M-TEK manipulated'!$J62*'M-TEK manipulated'!$D62,"-") -> 3.25086 | S62: =IFERROR('M-TEK manipulated'!$K62*'M-TEK manipulated'!$D62,"-") -> 0.2646396 | T62: {=XLOOKUP('M-TEK manipulated'!$A62,'EPD data'!$A$4:$A$31,'EPD data'!$B$4:$B$31)} -> silikon
A63: Varmekabler med feste | B63: Plast og kobber | C63: 2.4 | D63: ='M-TEK manipulated'!$C63*$B$52 -> 14.4 | E63: kg | F63: {=IF('M-TEK manipulated'!$E63="kg",'M-TEK manipulated'!$C63,('M-TEK manipulated'!$C63*XLOOKUP('M-TEK manipulated'!$A63,'EPD data'!$A$4:$A$31,'EPD data'!$H$4:$H$31)))} -> 2.4 | G63: {=IF('M-TEK manipulated'!$E63="kg",'M-TEK manipulated'!$D63,('M-TEK manipulated'!$D63*XLOOKUP('M-TEK manipulated'!$A63,'EPD data'!$A$4:$A$31,'EPD data'!$H$4:$H$31)))} -> 14.4 | H63: {=IF('M-TEK manipulated'!$E63="kg",XLOOKUP('M-TEK manipulated'!$A63,'EPD data'!$A$4:$A$31,'EPD data'!$O$4:$O$31,),XLOOKUP('M-TEK manipulated'!$A63,'EPD data'!$A$4:$A$31,'EPD data'!$J$4:$J$31))} -> 4.5378151 | I63: {=IF('M-TEK manipulated'!$E63="kg",XLOOKUP('M-TEK manipulated'!$A63,'EPD data'!$A$4:$A$31,'EPD data'!$P$4:$P$31),XLOOKUP('M-TEK manipulated'!$A63,'EPD data'!$A$4:$A$31,'EPD data'!$K$4:$K$31))} -> 0.063305322 | J63: {=IF('M-TEK manipulated'!$E63="kg",XLOOKUP('M-TEK manipulated'!$A63,'EPD data'!$A$4:$A$31,'EPD data'!$Q$4:$Q$31,),XLOOKUP('M-TEK manipulated'!$A63,'EPD data'!$A$4:$A$31,'EPD data'!$L$4:$L$31))} -> 4.6011204 | K63: {=IF('M-TEK manipulated'!$E63="kg",XLOOKUP('M-TEK manipulated'!$A63,'EPD data'!$A$4:$A$31,'EPD data'!$R$4:$R$31),XLOOKUP('M-TEK manipulated'!$A63,'EPD data'!$A$4:$A$31,'EPD data'!$M$4:$M$31))} -> 0.8642409 | L63: =IFERROR('M-TEK manipulated'!$C63*'M-TEK manipulated'!$H63,) -> 10.890756 | M63: ='M-TEK manipulated'!$C63*'M-TEK manipulated'!$J63 -> 11.042689 | N63: ='M-TEK manipulated'!$M63-'M-TEK manipulated'!$L63 -> 0.15193277 | O63: ='M-TEK manipulated'!$C63*'M-TEK manipulated'!$K63 -> 2.0741782 | P63: =IFERROR('M-TEK manipulated'!$H63*'M-TEK manipulated'!$D63,"-") -> 65.344538 | Q63: =R63-P63 -> 0.91159664 | R63: =IFERROR('M-TEK manipulated'!$J63*'M-TEK manipulated'!$D63,"-") -> 66.256134 | S63: =IFERROR('M-TEK manipulated'!$K63*'M-TEK manipulated'!$D63,"-") -> 12.445069 | T63: {=XLOOKUP('M-TEK manipulated'!$A63,'EPD data'!$A$4:$A$31,'EPD data'!$B$4:$B$31)} -> Varmekabel ØS varme
A64: Total | F64: =SUBTOTAL(109,'M-TEK manipulated'!$F$56:$F$63) -> 40.04 | G64: =SUBTOTAL(109,'M-TEK manipulated'!$G$56:$G$63) -> 235.54 | M64: =SUBTOTAL(109,'M-TEK manipulated'!$M$56:$M$63) -> 32.472974 | N64: =SUBTOTAL(109,'M-TEK manipulated'!$N$56:$N$63) -> 0.91079006 | O64: =SUBTOTAL(109,'M-TEK manipulated'!$O$56:$O$63) -> 4.9595613 | R64: =SUBTOTAL(109,'M-TEK manipulated'!$R$56:$R$63) -> 191.85634 | S64: =SUBTOTAL(109,'M-TEK manipulated'!$S$56:$S$63) -> 21.432258
A65: * Notera att antal "psc" måste redigeras manuellt för att kunna justera antalet enheter
R66: TOT | S66: ='M-TEK manipulated'!$R$64+'M-TEK manipulated'!$S$64 -> 213.2886

Sheet Transport manipulated
A1: Transport till och från skadeverksted
A3: Antal kvadratmeter | B3: ='Resultat - M-tek'!$B$22 -> 6 | C3: < inkluderat i t-km
A6: Case | B6: Aktivitet | C6: Antaganden
A7: Beräkningen inkluderar endast transport från grossist/försäljningsställe till site. Övrig transport (tex ingående transport till grossisten) är inte inkluderad i beräkningen, på grund av höga osäkerheter. I de fall som ingående transport inkluderas i EPDerna, har detta inkluderats i utsläppen för produkterna (A1-A4).
A8: Case 2.1 M-tek | B8: Värmekabelreparation | C8: Inkluderar transport för ett besök mellan grossist och site för reparation av värmekabel
A9: Case 2.2 M-Tek | B9: Värmekabelreparation inklusive nytt golv | C9: Inkluderar transport för ett besök mellan grossist och site för reparation av värmekabel och nytt golv.
A10: Base case: Rivet bad med gjenbruk | B10: Rivet bad/rehabilitering | C10: Inkluderar transport för ett uppskattat antal besök mellan grossist och site för reparation av helt bad.
A11: Base case: Rivet bad | B11: Helt rivet bad/rehabilitering | C11: Inkluderar transport för ett uppskattat antal besök mellan grossist och site för reparation av helt bad.
A14: Transportberäkningar | B14: KM t/r | C14: Dager | D14: Biler/dag | E14: Källa/beskrivning av grunnlag, resonemang | F14: Vikt (ton) | G14: tkm | H14: tot km | I14: kgCO2e (tkm) | J14: kgCO2e (km) | K14: Diff | L14: Kommentar CEMAsys
A15: Case 2.1 M-Tek | B15: 40 | C15: 1 | D15: 1 | F15: ='M-TEK manipulated'!C45/1000 -> 0.0071 | G15: =(F15*B15)*C15*D15 -> 0.284 | H15: =B15*C15*D15 -> 40 | I15: =G15*$C$22 -> 0.1633284 | J15: =H15*$C$23 -> 9.216 | K15: =(J15-I15)/J15 -> 0.98227773 | L15: Oavsett Case 2-scenario, så görs denna transport (Case 2.1 M-tech) först. Sedan om värmekabel ej kan repareras, adderas transport för case 2.2 M-Tech
A16: Case 2.2 M-Tek (X kvadratmeter) | B16: 40 | C16: 4 | D16: 1 | F16: ='M-TEK manipulated'!$G$64/1000 -> 0.23554 | G16: =(F16*B16)*C16*D16 -> 37.6864 | H16: =B16*C16*D16 -> 160 | I16: =G16*$C$22 -> 21.673449 | J16: =H16*$C$23 -> 36.864 | K16: =(J16-I16)/J16 -> 0.41207008
A17: Base case: Rivet bad med gjenbruk (X kvadratmeter) | B17: 40 | C17: 20 | D17: 1.5 | F17: ='Base case- rivet bad gjenbruk'!$G$34/1000 -> 1.408294 | G17: =(F17*B17)*C17*D17 -> 1689.9528 | H17: =B17*C17*D17 -> 1200 | I17: =G17*$C$22 -> 971.89186 | J17: =H17*$C$23 -> 276.48 | K17: =(J17-I17)/J17 -> -2.5152339
A18: Base case: Rivet bad (X kvadratmeter) | B18: 40 | C18: 20 | D18: 1.5 | F18: ='Base case- rivet bad'!$G$34/1000 -> 1.5354712 | G18: =(F18*B18)*C18*D18 -> 1842.5654 | H18: =B18*C18*D18 -> 1200 | I18: =G18*$C$22 -> 1059.6594 | J18: =H18*$C$23 -> 276.48 | K18: =(J18-I18)/J18 -> -2.8326801 | L18: 1.5 bil? Antagelse pga varierande transport.
A22: EF liten varebil | B22: Van (up to 3.5 tonn), fuel unknown | C22: 0.5751 | D22: kgCO2e/tkm | E22: CEMAsys, DEFRA 2023
A23: EF liten varebil | B23: Van (up to 3.5 tonn), fuel unknown | C23: 0.2304 | D23: kgCO2e/km | E23: CEMAsys, DEFRA 2023

Sheet Resultat - M-tek (t-km)
A1: Kalkylator - potentiella estimerade avoided emissions
A22: Antal kvadratmeter | B22: ='Resultat - M-tek'!$B$22 -> 6
A25: Scenario 1
B26: Material (A1-A4), kgCO2e | C26: Transport, kgCO2e | D26: Avfall (C1-C4), kgCO2e | E26: TOT emissions, kgCO2e
A27: Rivet bad med gjenbruk | B27: ='Base case- rivet bad gjenbruk'!$R$34 -> 1248.4673 | C27: ='Transport manipulated'!I17 -> 971.89186 | D27: ='Base case- rivet bad gjenbruk'!$S$34 -> 295.77719 | E27: =SUM(B27:D27) -> 2516.1364
A28: Case 2.1 M-tek | B28: ='M-TEK manipulated'!K45 -> 2.7722688 | C28: ='Transport manipulated'!I15 -> 0.1633284 | D28: ='M-TEK manipulated'!L45 -> 0.31166494 | E28: =SUM(B28:D28) -> 3.2472622
A29: Case 2.2 M-tek | B29: ='M-TEK manipulated'!$R$64 -> 191.85634 | C29: ='Transport manipulated'!I16 -> 21.673449 | D29: ='M-TEK manipulated'!$S$64 -> 21.432258 | E29: =SUM(B29:D29) -> 234.96205
A36: Scenario 2
B37: Material (A1-A4), kgCO2e | C37: Transport, kgCO2e | D37: Avfall (C1-C4), kgCO2e | E37: TOT emissions, kgCO2e
A38: Rivet bad med gjenbruk | B38: ='Base case- rivet bad gjenbruk'!$R$34 -> 1248.4673 | C38: ='Transport manipulated'!I17 -> 971.89186 | D38: ='Base case- rivet bad gjenbruk'!$S$34 -> 295.77719 | E38: =SUM(B38:D38) -> 2516.1364
A39: Case 2.1 + 2.2 M-tech | B39: ='M-TEK manipulated'!K45+'M-TEK manipulated'!$R$64 -> 194.62861 | C39: ='Transport manipulated'!I15+'Transport manipulated'!I16 -> 21.836777 | D39: ='M-TEK manipulated'!L45+'M-TEK manipulated'!$S$64 -> 21.743923 | E39: =SUM(B39:D39) -> 238.20931
A46: Scenario 3
B47: Material (A1-A4), kgCO2e | C47: Transport, kgCO2e | D47: Avfall (C1-C4), kgCO2e | E47: TOT emissions, kgCO2e
A48: Helt rivet bad | B48: ='Base case- rivet bad'!$R$34 -> 1722.8765 | C48: ='Transport manipulated'!I18 -> 1059.6594 | D48: ='Base case- rivet bad'!$S$34 -> 300.65769 | E48: =SUM(B48:D48) -> 3083.1936
A49: Case 2.1 + 2.2 M-tech | B49: ='M-TEK manipulated'!K45+'M-TEK manipulated'!$R$64 -> 194.62861 | C49: ='Transport manipulated'!I15+'Transport manipulated'!I16 -> 21.836777 | D49: ='M-TEK manipulated'!L45+'M-TEK manipulated'!$S$64 -> 21.743923 | E49: =SUM(B49:D49) -> 238.20931

Sheet EPD data
A1: EPD GWP LIBRARY
S2: EoL Scenario 1 or main scenario
A3: Produkt | B3: EPD | C3: Comment | D3: Packaging? YES/NO | E3: FU | F3: Density or other "weight" info excluding packaging | G3: Unit | H3: Density or other "weight" info with packaging | I3: Unit3 | J3: GWP A1-A3/FU | K3: GWP A4/FU | L3: GWP A1-A4/FU | M3: GWP C1-C4/FU | N3: GWP scenario 2 | O3: GWP A1-A3 kgCO2e/kg | P3: GWP A4 kgCO2e/kg | Q3: GWP A1-A4/kg kgCO2e/kg | R3: GWP C1-C4/kg | T3: C1 | U3: C2 | V3: C3 | W3: C4 | X3: C1-C4
A4: Sponplater | B4: Spon | C4: Note: GWP IOBC | D4: Yes | E4: 1 m3 | F4: 670.78 | G4: kg/m3 | H4: 682.73 | I4: kg/m3 | J4: 201 | K4: 16.9 | L4: =SUM(J4:K4) -> 217.9 | M4: =0.00838+7.4+116+0.0627 -> 123.47108 | O4: =J4/H4 -> 0.29440628 | P4: =IF('EPD data'!$H4>0,'EPD data'!$K4/'EPD data'!$H4,'EPD data'!$K4/'EPD data'!$F4) -> 0.024753563 | Q4: =IFERROR(L4/H4,"-") -> 0.31915984 | R4: =IFERROR(M4/H4,"-") -> 0.18084906 | T4: 0.00838 | U4: 7.4 | V4: 116 | W4: 0.0627 | X4: =SUM(T4:W4) -> 123.47108
A5: Konstruksjonsmaterialet | B5: Trevirke lekting | C5: Note: GWP IOBC | D5: Yes | E5: 1 m3 | F5: 480 | G5: kg/m3 | H5: =(F5+0.19+0.6) -> 480.79 | I5: kg/m3 | J5: 48.1 | K5: 4.42 | L5: =SUM(J5:K5) -> 52.52 | M5: =X5 -> 13.28881 | O5: =J5/H5 -> 0.10004368 | P5: =IF('EPD data'!$H5>0,'EPD data'!$K5/'EPD data'!$H5,'EPD data'!$K5/'EPD data'!$F5) -> 0.0091932029 | Q5: =IFERROR(L5/H5,"-") -> 0.10923688 | R5: =IFERROR(M5/H5,"-") -> 0.027639531 | T5: 0.00881 | U5: 6.7 | V5: 4.63 | W5: 1.95 | X5: =SUM(T5:W5) -> 13.28881
A6: Rupanel | B6: Rupanel | C6: Note: GWP IOBC | D6: Yes | E6: 1 m2 | F6: 7.18 | G6: kg/m2 | H6: 7.35 | I6: kg/m2 | J6: 1 | K6: 0.0695 | L6: =SUM(J6:K6) -> 1.0695 | M6: =X6 -> 0.139473 | O6: =J6/H6 -> 0.13605442 | P6: =IF('EPD data'!$H6>0,'EPD data'!$K6/'EPD data'!$H6,'EPD data'!$K6/'EPD data'!$F6) -> 0.0094557823 | Q6: =IFERROR(L6/H6,"-") -> 0.1455102 | R6: =IFERROR(M6/H6,"-") -> 0.018975918 | T6: 8.9e-05 | U6: 0.077 | V6: 0.000984 | W6: 0.0614 | X6: =SUM(T6:W6) -> 0.139473
A7: Membran plater | B7: Litex våtromsplate | C7: Note: GWP fossil | D7: Yes | E7: 1 m2 | F7: 1.73 | G7: kg/m2 | H7: 1.75 | I7: kg/m2 | J7: 13.2 | K7: 0.0856 | L7: =SUM(J7:K7) -> 13.2856 | M7: =X7 -> 4.07534 | O7: =J7/H7 -> 7.5428571 | P7: =IF('EPD data'!$H7>0,'EPD data'!$K7/'EPD data'!$H7,'EPD data'!$K7/'EPD data'!$F7) -> 0.048914286 | Q7: =IFERROR(L7/H7,"-") -> 7.5917714 | R7: =IFERROR(M7/H7,"-") -> 2.3287657 | T7: 0 | U7: 0.0242 | V7: 4.05 | W7: 0.00114 | X7: =SUM(T7:W7) -> 4.07534
A8: Isolasjon | B8: rockwool | C8: Note: GWP fossil | D8: Yes (unclear) | E8: 1 m2 | F8: 2.9 | G8: kg/m2 | H8: 2.9 | I8: kg/m2 | J8: 2.82 | K8: 0.103 | L8: =SUM(J8:K8) -> 2.923 | M8: =X8 -> 0.0508 | O8: =J8/H8 -> 0.97241379 | P8: =IF('EPD data'!$H8>0,'EPD data'!$K8/'EPD data'!$H8,'EPD data'!$K8/'EPD data'!$F8) -> 0.035517241 | Q8: =IFERROR(L8/H8,"-") -> 1.007931 | R8: =IFERROR(M8/H8,"-") -> 0.017517241 | T8: 0 | U8: 0.0101 | V8: 0 | W8: 0.0407 | X8: =SUM(T8:W8) -> 0.0508
A9: Sparkel | B9: jotun våtromsparkel | C9: C1-C4 ej deklarerat i EPD | D9: Yes (unclear) | E9: 1 kg | F9: 1 | G9: - | H9: 1 | I9: - | J9: =2.49+0.0768+0.096 -> 2.6628 | K9: 0 | L9: =SUM(J9:K9) -> 2.6628 | M9: 0 | O9: =J9/H9 -> 2.6628 | P9: =IF('EPD data'!$H9>0,'EPD data'!$K9/'EPD data'!$H9,'EPD data'!$K9/'EPD data'!$F9) -> 0 | Q9: =IFERROR(L9/H9,"-") -> 2.6628 | R9: =IFERROR(M9/H9,"-") -> 0
A10: Baderomsstøp | B10: avrettingsmasse (Proplan Basic) | C10: C1-C4 ej deklarerat i EPD | D10: No | E10: 1 kg | F10: 1 | G10: - | H10: 1 | I10: - | J10: 0.171 | K10: 0 | L10: =SUM(J10:K10) -> 0.171 | M10: 0 | O10: =J10/H10 -> 0.171 | P10: =IF('EPD data'!$H10>0,'EPD data'!$K10/'EPD data'!$H10,'EPD data'!$K10/'EPD data'!$F10) -> 0 | Q10: =IFERROR(L10/H10,"-") -> 0.171 | R10: =IFERROR(M10/H10,"-") -> 0
B11: avrettingsmasse (Proplan Fin) | C11: C1-C4 ej deklarerat i EPD | D11: No | E11: 1 kg | F11: 1 | G11: - | H11: 1 | I11: - | J11: 0.213 | K11: 0 | L11: =SUM(J11:K11) -> 0.213 | M11: 0 | O11: =J11/H11 -> 0.213 | P11: =IF('EPD data'!$H11>0,'EPD data'!$K11/'EPD data'!$H11,'EPD data'!$K11/'EPD data'!$F11) -> 0 | Q11: =IFERROR(L11/H11,"-") -> 0.213 | R11: =IFERROR(M11/H11,"-") -> 0
A12: Armering | B12: Armeringsnett | D12: No | E12: 1 kg | F12: 1 | G12: - | H12: 1 | I12: - | J12: 0.393 | K12: 0.0102 | L12: =SUM(J12:K12) -> 0.4032 | M12: =X12 -> 0.067994 | O12: =J12/H12 -> 0.393 | P12: =IF('EPD data'!$H12>0,'EPD data'!$K12/'EPD data'!$H12,'EPD data'!$K12/'EPD data'!$F12) -> 0.0102 | Q12: =IFERROR(L12/H12,"-") -> 0.4032 | R12: =IFERROR(M12/H12,"-") -> 0.067994 | T12: 0.0567 | U12: 0.0102 | V12: 0.00099 | W12: 0.000104 | X12: =SUM(T12:W12) -> 0.067994 | Z12: EoL Scenario 2
A13: Varmekabler med feste | B13: Varmekabel ØS varme | D13: No | E13: 1 m | F13: 3.57 | G13: kg/m | I13: kg/m | J13: 16.2 | K13: 0.226 | L13: =SUM(J13:K13) -> 16.426 | M13: =X13 -> 3.08534 | O13: =J13/F13 -> 4.5378151 | P13: =IF('EPD data'!$H13>0,'EPD data'!$K13/'EPD data'!$H13,'EPD data'!$K13/'EPD data'!$F13) -> 0.063305322 | Q13: =IFERROR(L13/F13,"-") -> 4.6011204 | R13: =IFERROR(M13/F13,"-") -> 0.8642409 | T13: 0 | U13: 0 | V13: 3.08 | W13: 0.00534 | X13: =SUM(T13:W13) -> 3.08534 | Z13: C1 | AA13: C2 | AB13: C3 | AC13: C4 | AD13: C1-C4
A14: Gips i taket | B14: Gipsplate | D14: Yes | E14: 1 m2 | F14: 8.804 | G14: kg/m2 | H14: 8.873 | I14: kg/m2 | J14: 1.59 | K14: 0.262 | L14: =SUM(J14:K14) -> 1.852 | M14: =X14 -> 0.9033407 | N14: =AD14 -> 1.1127107 | O14: =J14/H14 -> 0.17919531 | P14: =IF('EPD data'!$H14>0,'EPD data'!$K14/'EPD data'!$H14,'EPD data'!$K14/'EPD data'!$F14) -> 0.029527781 | Q14: =IFERROR(L14/H14,"-") -> 0.20872309 | R14: =IFERROR(M14/H14,"-") -> 0.10180781 | T14: 1.07e-05 | U14: 0.344 | V14: 0.552 | W14: 0.00733 | X14: =SUM(T14:W14) -> 0.9033407 | Z14: 1.07e-05 | AA14: 0.0573 | AB14: 0.0354 | AC14: 1.02 | AD14: =SUM(Z14:AC14) -> 1.1127107
A15: Masnejtter og tape | B15: slukmansjett (PCI_Pecitape) | C15: Ingen EPD tillgänglig - estimerat per material. Based on estimate 50% PU, flexible foam and 50% PP. PU: Ecoinvent 3.10, market for polyurethane production, flexible foam, RER, IPCC 2021, GWP100 PP: DEFRA 2023: Material use, Plastic, Plastics: PP (incl. forming), primary material production. | D15: Yes | E15: 1 kg | F15: 1 | J15: 4.0233 | K15: 0 | L15: ='EPD data'!$J15 -> 4.0233 | M15: 0 | O15: ='EPD data'!$J15 -> 4.0233 | P15: =IF('EPD data'!$H15>0,'EPD data'!$K15/'EPD data'!$H15,'EPD data'!$K15/'EPD data'!$F15) -> 0 | Q15: ='EPD data'!$O15 -> 4.0233 | R15: ='EPD data'!$M15 -> 0
A16: Smøremembran | B16: PCI membran (Lastogum) | C16: GWP Fossil. C4 not declared in EPD | D16: Yes | E16: 1 kg | F16: 1000-1500 | G16: kg/m3 | J16: =1.36 -> 1.36 | K16: =0.0506 -> 0.0506 | L16: =J16+K16 -> 1.4106 | M16: =X16 -> 0.441066 | O16: =J16 -> 1.36 | P16: ='EPD data'!$K16 -> 0.0506 | Q16: =L16 -> 1.4106 | R16: 0.441066 | T16: 0.000266 | U16: 0.0118 | V16: 0.429 | X16: =SUM(T16:W16) -> 0.441066
A17: Vann og avløpsrør | B17: Rør i rør system roth mulitiplex | C17: Note: just nu används GWP total | D17: No | E17: 1 kg | F17: 1 | G17: - | H17: 1 | J17: 3.1 | K17: 0.244 | L17: =SUM(J17:K17) -> 3.344 | M17: =X17 -> 3.03866 | O17: =J17/H17 -> 3.1 | P17: =IF('EPD data'!$H17>0,'EPD data'!$K17/'EPD data'!$H17,'EPD data'!$K17/'EPD data'!$F17) -> 0.244 | Q17: =IFERROR(L17/H17,"-") -> 3.344 | R17: =IFERROR(M17/H17,"-") -> 3.03866 | T17: 0 | U17: 0.0167 | V17: 3.02 | W17: 0.00196 | X17: =SUM(T17:W17) -> 3.03866
A19: Våtromsmaling | B19: Våtromsmaling | C19: GWP fossil | D19: Yes | E19: 1 kg | F19: 1 | G19: - | H19: 1 | J19: =3.3+0.173+0.0624 -> 3.5354 | K19: =0.0378 -> 0.0378 | L19: =SUM(J19:K19) -> 3.5732 | M19: =X19 -> 0.01252 | O19: =J19/H19 -> 3.5354 | P19: =IF('EPD data'!$H19>0,'EPD data'!$K19/'EPD data'!$H19,'EPD data'!$K19/'EPD data'!$F19) -> 0.0378 | Q19: =IFERROR(L19/H19,"-") -> 3.5732 | R19: =IFERROR(M19/H19,"-") -> 0.01252 | T19: 0 | U19: 0.00242 | V19: 0 | W19: 0.0101 | X19: =U19+W19 -> 0.01252
A20: Silikon | B20: silikon | C20: KGCO2e/ 20 m2. C4 not declared | D20: Yes | E20: 1 kg | F20: 1 | G20: - | H20: 1 | J20: 5.36 | K20: 0.0581 | L20: =SUM(J20:K20) -> 5.4181 | M20: =X20 -> 0.441066 | O20: =J20/H20 -> 5.36 | P20: =IF('EPD data'!$H20>0,'EPD data'!$K20/'EPD data'!$H20,'EPD data'!$K20/'EPD data'!$F20) -> 0.0581 | Q20: =IFERROR(L20/H20,"-") -> 5.4181 | R20: =IFERROR(M20/H20,"-") -> 0.441066 | T20: 0.000266 | U20: 0.0118 | V20: 0.429 | X20: =T20+U20+V20+W20 -> 0.441066
A21: Fliser | B21: fliser | D21: Yes, same weight… | E21: 1 m2 | F21: 17.97 | G21: kg/m2 | H21: 17.97 | I21: kg/m3 | J21: 9.43 | K21: 0.329 | L21: =SUM(J21:K21) -> 9.759 | M21: =X21 -> 0.0846 | O21: =J21/H21 -> 0.52476349 | P21: =IF('EPD data'!$H21>0,'EPD data'!$K21/'EPD data'!$H21,'EPD data'!$K21/'EPD data'!$F21) -> 0.018308292 | Q21: =IFERROR(L21/H21,"-") -> 0.54307179 | R21: =IFERROR(M21/H21,"-") -> 0.0047078464 | T21: 0.001 | U21: 0.0218 | V21: 0.045 | W21: 0.0168 | X21: =T21+U21+V21+W21 -> 0.0846
A22: Flislim og fuger | B22: Flislim | C22: C1-C4 not included | D22: Yes | E22: 1 kg | F22: 1 | G22: - | H22: 1 | J22: =0.381+0.00674+0.00363 -> 0.39137 | K22: =0.0262 -> 0.0262 | L22: =SUM(J22:K22) -> 0.41757 | M22: 0 | O22: =J22/H22 -> 0.39137 | P22: =IF('EPD data'!$H22>0,'EPD data'!$K22/'EPD data'!$H22,'EPD data'!$K22/'EPD data'!$F22) -> 0.0262 | Q22: =IFERROR(L22/H22,"-") -> 0.41757 | R22: =IFERROR(M22/H22,"-") -> 0
A23: Sluk og slukrist | B23: Sluk (sliderain) | D23: Yes | E23: 1 pcs | F23: 0.65 | G23: kg/pcs | H23: 0.94 | I23: kg/pcs | J23: =(0.477+0.0302+0.02) -> 0.5272 | K23: 0.0691 | L23: =SUM(J23:K23) -> 0.5963 | M23: =X23 -> 1.665022 | O23: =J23/H23 -> 0.56085106 | P23: =IF('EPD data'!$H23>0,'EPD data'!$K23/'EPD data'!$H23,'EPD data'!$K23/'EPD data'!$F23) -> 0.073510638 | Q23: =IFERROR(L23/H23,"-") -> 0.6343617 | R23: =IFERROR(M23/H23,"-") -> 1.7713 | T23: 0.000852 | U23: 0.0131 | V23: 1.65 | W23: 0.00107 | X23: =T23+U23+V23+W23 -> 1.665022
A24: Sisterne | B24: epd-geberit-duofix-element-wc-sigma12-hub-0259-2023-02-02.pdf | C24: Note: GWP fossil. EPD found by CEMAsys. | D24: Yes | E24: 1 pcs | H24: 13.6 | I24: kg/pcs | J24: 36.8 | K24: 1.24 | L24: =SUM('EPD data'!$J24:$K24) -> 38.04 | M24: ='EPD data'!$X24 -> 11.06163 | O24: =J24/H24 -> 2.7058824 | P24: =IF('EPD data'!$H24>0,'EPD data'!$K24/'EPD data'!$H24,'EPD data'!$K24/'EPD data'!$F24) -> 0.091176471 | Q24: =IFERROR(L24/H24,"-") -> 2.7970588 | R24: =IFERROR(M24/H24,"-") -> 0.81335515 | T24: 3.3e-11 | U24: 0.0594 | V24: 11 | W24: 0.00223 | X24: =SUM('EPD data'!$T24:$W24) -> 11.06163
A25: Toalett | B25: Gustavsberg toalett | D25: No | E25: 1 pcs | F25: 32.27 | G25: kg/pcs | H25: 32.27 | I25: kg/pcs | J25: =64.6+9.82+2.68 -> 77.1 | K25: 0 | L25: =J25+K25 -> 77.1 | M25: =X25 -> 0.903 | O25: =J25/H25 -> 2.389216 | P25: =IF('EPD data'!$H25>0,'EPD data'!$K25/'EPD data'!$H25,'EPD data'!$K25/'EPD data'!$F25) -> 0 | Q25: =IFERROR(L25/H25,"-") -> 2.389216 | R25: =IFERROR(M25/H25,"-") -> 0.027982646 | T25: 0 | U25: 0.451 | V25: 0 | W25: 0.452 | X25: =T25+U25+V25+W25 -> 0.903
A26: Dusjevegger | B26: Data (environdec.com) | C26: Note: EPD found by CEMAsys. gWP fossil | D26: Yes | E26: 1 pcs | F26: 49.572 | G26: kg/pcs | H26: =49.572+3.6982 -> 53.2702 | I26: kg/pcs | J26: 246 | K26: 19.5 | L26: =SUM('EPD data'!$J26:$K26) -> 265.5 | M26: ='EPD data'!$X26 -> 1.702 | O26: =J26/H26 -> 4.6179665 | P26: =IF('EPD data'!$H26>0,'EPD data'!$K26/'EPD data'!$H26,'EPD data'!$K26/'EPD data'!$F26) -> 0.36605832 | Q26: =IFERROR(L26/H26,"-") -> 4.9840248 | R26: =IFERROR(M26/H26,"-") -> 0.031950321 | T26: 0 | U26: 0.242 | V26: 1.46 | W26: 0 | X26: =T26+U26+V26+W26 -> 1.702
A27: Baderomsinnredning | B27: Badekar og dusjkar | D27: Yes | E27: 1 kg | F27: 1 | G27: - | H27: 1 | J27: =3.03+0.0405+0.11 -> 3.1805 | K27: 0 | L27: =J27+K27 -> 3.1805 | M27: =X27 -> 0.0557 | O27: ='EPD data'!$J27 -> 3.1805 | P27: =IF('EPD data'!$H27>0,'EPD data'!$K27/'EPD data'!$H27,'EPD data'!$K27/'EPD data'!$F27) -> 0 | Q27: ='EPD data'!$L27 -> 3.1805 | R27: ='EPD data'!$M27 -> 0.0557 | T27: 0 | U27: 0.0323 | V27: 0 | W27: 0.0234 | X27: =T27+U27+V27+W27 -> 0.0557
A28: Downlight | B28: Downlights SG eco | D28: Yes | E28: 1 pcs | F28: 1.24 | G28: kg/pcs | H28: 1.37 | I28: kg/pcs | J28: =19+1.76+0.661 -> 21.421 | K28: =0.402 -> 0.402 | L28: =SUM(J28:K28) -> 21.823 | M28: =X28 -> 0.4476 | O28: =J28/H28 -> 15.635766 | P28: =IF('EPD data'!$H28>0,'EPD data'!$K28/'EPD data'!$H28,'EPD data'!$K28/'EPD data'!$F28) -> 0.29343066 | Q28: =IFERROR(L28/H28,"-") -> 15.929197 | R28: =M28/H28 -> 0.32671533 | T28: 0 | U28: 0.0671 | V28: 0.356 | W28: 0.0245 | X28: =SUM(T28:W28) -> 0.4476
A29: Stickkontakt | B29: Stikkkontakt Elko plus | D29: Yes | E29: 1 pcs | F29: =H29-(18.8/1000) -> 0.1022 | G29: kg/pcs | H29: =121/1000 -> 0.121 | I29: kg/pcs | J29: 0.575 | K29: 0.0156 | L29: =SUM(J29:K29) -> 0.5906 | M29: 0.0213 | O29: =J29/H29 -> 4.7520661 | P29: =IF('EPD data'!$H29>0,'EPD data'!$K29/'EPD data'!$H29,'EPD data'!$K29/'EPD data'!$F29) -> 0.12892562 | Q29: =IFERROR(L29/H29,"-") -> 4.8809917 | R29: =M29/H29 -> 0.17603306 | X29: 0.0213
A30: Thermostat | B30: Thermostat Elko plus | D30: Yes | E30: 1 pcs | F30: =H30-0.41 -> 1.98 | G30: kg/pcs | H30: 2.39 | I30: kg/pcs | J30: 5.62 | K30: 0.191 | L30: =SUM(J30:K30) -> 5.811 | M30: =X30 -> 0.48955 | O30: =J30/H30 -> 2.3514644 | P30: =IF('EPD data'!$H30>0,'EPD data'!$K30/'EPD data'!$H30,'EPD data'!$K30/'EPD data'!$F30) -> 0.079916318 | Q30: =IFERROR(L30/H30,"-") -> 2.4313808 | R30: =M30/H30 -> 0.20483264 | T30: 0 | U30: 0.0335 | V30: 0.451 | W30: 0.00505 | X30: =SUM(T30:W30) -> 0.48955
A31: Rör till downlight | B31: Korrigert rør | D31: No | E31: 1 kg | F31: 1 | G31: - | H31: 1 | I31: - | J31: =3.48+0.0707+0.583 -> 4.1337 | K31: 0.243 | L31: =SUM(J31:K31) -> 4.3767 | M31: =X31 -> 3.04062 | O31: =J31/H31 -> 4.1337 | P31: =IF('EPD data'!$H31>0,'EPD data'!$K31/'EPD data'!$H31,'EPD data'!$K31/'EPD data'!$F31) -> 0.243 | Q31: =IFERROR(L31/H31,"-") -> 4.3767 | R31: =M31/H31 -> 3.04062 | T31: 0.0167 | U31: 3.02 | V31: 0.00196 | W31: 0.00196 | X31: =SUM(T31:W31) -> 3.04062
H34: =H28*4 -> 5.48 | P34: =K28/H28 -> 0.29343066
P35: =K24/H24 -> 0.091176471
P36: =K4/H4 -> 0.024753563

Sheet EPD overview
A3: Produkt | B3: EPD | C3: A1-A3 included (yes/no) | D3: A4 included (yes/no) | E3: C1-C4 included (yes/no) | F3: GWP A1-A3/FU | G3: GWP A4/FU | H3: GWP A1-A4/FU | I3: GWP C1-C4/FU | K3: C1 | L3: C2 | M3: C3 | N3: C4 | O3: C1-C4
A4: Sponplater | B4: Spon | C4: Yes | D4: Yes | E4: Yes | F4: 201 | G4: 16.9 | H4: =SUM(F4:G4) -> 217.9 | I4: =0.00838+7.4+116+0.0627 -> 123.47108 | K4: 0.00838 | L4: 7.4 | M4: 116 | N4: 0.0627 | O4: =SUM(K4:N4) -> 123.47108
A5: Konstruksjonsmaterialet | B5: Trevirke lekting | C5: Yes | D5: Yes | E5: Yes | F5: 48.1 | G5: 4.42 | H5: =SUM(F5:G5) -> 52.52 | I5: =O5 -> 13.28881 | K5: 0.00881 | L5: 6.7 | M5: 4.63 | N5: 1.95 | O5: =SUM(K5:N5) -> 13.28881
A6: Rupanel | B6: Rupanel | C6: Yes | D6: Yes | E6: Yes | F6: 1 | G6: 0.0695 | H6: =SUM(F6:G6) -> 1.0695 | I6: =O6 -> 0.139473 | K6: 8.9e-05 | L6: 0.077 | M6: 0.000984 | N6: 0.0614 | O6: =SUM(K6:N6) -> 0.139473
A7: Membran plater | B7: Litex våtromsplate | C7: Yes | D7: Yes | E7: Yes | F7: 13.2 | G7: 0.0856 | H7: =SUM(F7:G7) -> 13.2856 | I7: =O7 -> 4.07534 | K7: 0 | L7: 0.0242 | M7: 4.05 | N7: 0.00114 | O7: =SUM(K7:N7) -> 4.07534
A8: Isolasjon | B8: rockwool | C8: Yes | D8: Yes | E8: Yes | F8: 2.82 | G8: 0.103 | H8: =SUM(F8:G8) -> 2.923 | I8: =O8 -> 0.0508 | K8: 0 | L8: 0.0101 | M8: 0 | N8: 0.0407 | O8: =SUM(K8:N8) -> 0.0508
A9: Sparkel | B9: jotun våtromsparkel | C9: Yes | D9: No | E9: No | F9: =2.49+0.0768+0.096 -> 2.6628 | G9: 0 | H9: =SUM(F9:G9) -> 2.6628 | I9: 0
A10: Baderomsstøp | B10: avrettingsmasse (Proplan Basic) | C10: Yes | D10: No | E10: No | F10: 0.171 | G10: 0 | H10: =SUM(F10:G10) -> 0.171 | I10: 0
B11: avrettingsmasse (Proplan Fin) | C11: Yes | D11: No | E11: No | F11: 0.213 | G11: 0 | H11: =SUM(F11:G11) -> 0.213 | I11: 0
A12: Armering | B12: Armeringsnett | C12: Yes | D12: Yes | E12: Yes | F12: 0.393 | G12: 0.0102 | H12: =SUM(F12:G12) -> 0.4032 | I12: =O12 -> 0.067994 | K12: 0.0567 | L12: 0.0102 | M12: 0.00099 | N12: 0.000104 | O12: =SUM(K12:N12) -> 0.067994 | Q12: EoL Scenario 2
A13: Varmekabler med feste | B13: Varmekabel ØS varme | C13: Yes | D13: Yes | E13: Yes | F13: 16.2 | G13: 0.226 | H13: =SUM(F13:G13) -> 16.426 | I13: =O13 -> 3.08534 | K13: 0 | L13: 0 | M13: 3.08 | N13: 0.00534 | O13: =SUM(K13:N13) -> 3.08534 | Q13: C1 | R13: C2 | S13: C3 | T13: C4 | U13: C1-C4
A14: Gips i taket | B14: Gipsplate | C14: Yes | D14: Yes | E14: Yes | F14: 1.59 | G14: 0.262 | H14: =SUM(F14:G14) -> 1.852 | I14: =O14 -> 0.9033407 | K14: 1.07e-05 | L14: 0.344 | M14: 0.552 | N14: 0.00733 | O14: =SUM(K14:N14) -> 0.9033407 | Q14: 1.07e-05 | R14: 0.0573 | S14: 0.0354 | T14: 1.02 | U14: =SUM(Q14:T14) -> 1.1127107
A15: Masnejtter og tape | B15: slukmansjett (PCI_Pecitape) | C15: Yes | D15: No | E15: No | F15: 4.0233 | G15: 0 | H15: ='EPD overview'!$F15 -> 4.0233 | I15: 0
A16: Smøremembran | B16: PCI membran (Lastogum) | C16: Yes | D16: Yes | E16: Yes | F16: =1.36 -> 1.36 | G16: =0.0506 -> 0.0506 | H16: =F16+G16 -> 1.4106 | I16: =O16 -> 0.441066 | K16: 0.000266 | L16: 0.0118 | M16: 0.429 | O16: =SUM(K16:N16) -> 0.441066
A17: Vann og avløpsrør | B17: Rør i rør system roth mulitiplex | C17: Yes | D17: Yes | E17: Yes | F17: 3.1 | G17: 0.244 | H17: =SUM(F17:G17) -> 3.344 | I17: =O17 -> 3.03866 | K17: 0 | L17: 0.0167 | M17: 3.02 | N17: 0.00196 | O17: =SUM(K17:N17) -> 3.03866
C18: Yes | D18: Yes | E18: Yes
A19: Våtromsmaling | B19: Våtromsmaling | C19: Yes | D19: Yes | E19: Yes | F19: =3.3+0.173+0.0624 -> 3.5354 | G19: =0.0378 -> 0.0378 | H19: =SUM(F19:G19) -> 3.5732 | I19: =O19 -> 0.01252 | K19: 0 | L19: 0.00242 | M19: 0 | N19: 0.0101 | O19: =L19+N19 -> 0.01252
A20: Silikon | B20: silikon | C20: Yes | D20: Yes | E20: Yes | F20: 5.36 | G20: 0.0581 | H20: =SUM(F20:G20) -> 5.4181 | I20: =O20 -> 0.441066 | K20: 0.000266 | L20: 0.0118 | M20: 0.429 | O20: =K20+L20+M20+N20 -> 0.441066
A21: Fliser | B21: fliser | C21: Yes | D21: Yes | E21: Yes | F21: 9.43 | G21: 0.329 | H21: =SUM(F21:G21) -> 9.759 | I21: =O21 -> 0.0846 | K21: 0.001 | L21: 0.0218 | M21: 0.045 | N21: 0.0168 | O21: =K21+L21+M21+N21 -> 0.0846
A22: Flislim og fuger | B22: Flislim | C22: Yes | D22: Yes | E22: No | F22: =0.381+0.00674+0.00363 -> 0.39137 | G22: =0.0262 -> 0.0262 | H22: =SUM(F22:G22) -> 0.41757 | I22: 0
A23: Sluk og slukrist | B23: Sluk (sliderain) | C23: Yes | D23: Yes | E23: Yes | F23: =(0.477+0.0302+0.02) -> 0.5272 | G23: 0.0691 | H23: =SUM(F23:G23) -> 0.5963 | I23: =O23 -> 1.665022 | K23: 0.000852 | L23: 0.0131 | M23: 1.65 | N23: 0.00107 | O23: =K23+L23+M23+N23 -> 1.665022
A24: Sisterne | B24: epd-geberit-duofix-element-wc-sigma12-hub-0259-2023-02-02.pdf | C24: Yes | D24: Yes | E24: Yes | F24: 36.8 | G24: 1.24 | H24: =SUM('EPD overview'!$F24:$G24) -> 38.04 | I24: ='EPD overview'!$O24 -> 11.06163 | K24: 3.3e-11 | L24: 0.0594 | M24: 11 | N24: 0.00223 | O24: =SUM('EPD overview'!$K24:$N24) -> 11.06163
A25: Toalett | B25: Gustavsberg toalett | C25: Yes | D25: No | E25: Yes | F25: =64.6+9.82+2.68 -> 77.1 | G25: 0 | H25: =F25+G25 -> 77.1 | I25: =O25 -> 0.903 | K25: 0 | L25: 0.451 | M25: 0 | N25: 0.452 | O25: =K25+L25+M25+N25 -> 0.903
A26: Dusjevegger | B26: Data (environdec.com) | C26: Yes | D26: Yes | E26: Yes | F26: 246 | G26: 19.5 | H26: =SUM('EPD overview'!$F26:$G26) -> 265.5 | I26: ='EPD overview'!$O26 -> 1.702 | K26: 0 | L26: 0.242 | M26: 1.46 | N26: 0 | O26: =K26+L26+M26+N26 -> 1.702
A27: Baderomsinnredning | B27: Badekar og dusjkar | C27: Yes | D27: No | E27: Yes | F27: =3.03+0.0405+0.11 -> 3.1805 | G27: 0 | H27: =F27+G27 -> 3.1805 | I27: =O27 -> 0.0557 | K27: 0 | L27: 0.0323 | M27: 0 | N27: 0.0234 | O27: =K27+L27+M27+N27 -> 0.0557
A28: Downlight | B28: Downlights SG eco | C28: Yes | D28: Yes | E28: Yes | F28: =19+1.76+0.661 -> 21.421 | G28: =0.402 -> 0.402 | H28: =SUM(F28:G28) -> 21.823 | I28: =O28 -> 0.4476 | K28: 0 | L28: 0.0671 | M28: 0.356 | N28: 0.0245 | O28: =SUM(K28:N28) -> 0.4476
A29: Stickkontakt | B29: Stikkkontakt Elko plus | C29: Yes | D29: Yes | E29: Yes | F29: 0.575 | G29: 0.0156 | H29: =SUM(F29:G29) -> 0.5906 | I29: 0.0213 | O29: 0.0213
A30: Thermostat | B30: Thermostat Elko plus | C30: Yes | D30: Yes | E30: Yes | F30: 5.62 | G30: 0.191 | H30: =SUM(F30:G30) -> 5.811 | I30: =O30 -> 0.48955 | K30: 0 | L30: 0.0335 | M30: 0.451 | N30: 0.00505 | O30: =SUM(K30:N30) -> 0.48955
A31: Rör till downlight | B31: Korrigert rør | C31: Yes | D31: Yes | E31: Yes | F31: =3.48+0.0707+0.583 -> 4.1337 | G31: 0.243 | H31: =SUM(F31:G31) -> 4.3767 | I31: =O31 -> 3.04062 | K31: 0.0167 | L31: 3.02 | M31: 0.00196 | N31: 0.00196 | O31: =SUM(K31:N31) -> 3.04062

Sheet Uppdaterade vekter THOMAS ENDRE
A2: Base case | D2: Rivet bad
D3: NY VIKT THOMAS | G3: Case 2 | M3: Case 3 | S3: Case 4 | Z3: Scenario 4
A4: Revet bad | B4: Vekt/m2 | C4: enhet | D4: Vikt | E4: Enhet | J4: NY VIKT THOMAS | P4: NY VIKT THOMAS | V4: NY VIKT THOMAS | AC4: NY VIKT THOMAS
A5: Sponplater | B5: 10 | C5: kg | G5: Hele gulv | H5: Vekt/m2 | I5: enhet | J5: Vikt | K5: Enhet | M5: Sisterne ( 2m2) | N5: Vekt | O5: enhet | P5: Vikt | Q5: Enhet | S5: Teskel ( 0,5M2) | T5: Vekt | U5: enhet | V5: Vikt | W5: Enhet | Z5: Dusjnisje (5m2) | AA5: Vekt | AB5: enhet | AC5: Vikt | AD5: Enhet
A6: Konstruksjonsmaterialet | B6: 13.2 | C6: kg | G6: Sponplater | H6: 10 | I6: kg | J6: 0 | K6: kg /m2 | M6: Smøremembran | N6: =H16*2 -> 4.8 | O6: kg | P6: 3 | Q6: kg | S6: Smøremembran | T6: =H16/2 -> 1.2 | U6: kg | V6: 0.7 | W6: kg | Z6: Sponplater | AA6: =H6*5 -> 50 | AB6: kg | AC6: 10 | AD6: kg
A7: Rupanel | B7: 36 | C7: kg | G7: Konstruksjonsmaterialet | H7: 13.2 | I7: kg | J7: 0 | K7: kg/m2 | M7: Erstatningsflis | N7: =H19*2 -> 280.4 | O7: kg | P7: 50 | Q7: kg | S7: Erstatningsflis | T7: =H19/2 -> 70.1 | U7: kg | V7: =25*0.5 -> 12.5 | W7: kg | Z7: Konstruksjonsmaterialet | AA7: =H7*5 -> 66 | AB7: kg | AC7: 13.2 | AD7: kg
A8: Membran plater | B8: 8.8 | C8: kg | G8: Rupanel | H8: 36 | I8: kg | J8: 0 | K8: kg/m2 | M8: Masnejtter og tape | N8: 0.4 | O8: kg | P8: 0.2 | Q8: kg | S8: Baderomsstøp | T8: =H12/2 -> 45 | U8: kg | V8: =22.5/2 -> 11.25 | W8: kg | Z8: Rupanel | AA8: =H8*5 -> 180 | AB8: kg | AC8: 36 | AD8: kg
A9: Isolasjon | B9: 2.8 | C9: kg | G9: Membran plater | H9: 8.8 | I9: kg | J9: 8.8 | K9: kg/m2 | M9: Membran plater | N9: =H9*2 -> 17.6 | O9: kg | P9: 4.4 | Q9: kg | S9: Masnejtter og tape | T9: =H15/2 -> 0.1 | U9: kg | V9: 0.1 | W9: kg | Z9: Membran plater | AA9: =H9*5 -> 44 | AB9: kg | AC9: 8.8 | AD9: kg
A10: Sparkel | B10: 1 | C10: kg | G10: Isolasjon | H10: 2.8 | I10: kg | J10: 2.8 | K10: kg/m2 | M10: Silikon | N10: =H18*2 -> 0.4 | O10: kg | P10: 0.2 | Q10: kg | S10: Membran plater | T10: =H9/2 -> 4.4 | U10: kg | V10: =(4.4/2)/2 -> 1.1 | W10: kg | Z10: Isolasjon | AA10: =H10*5 -> 14 | AB10: kg | AC10: 2.8 | AD10: kg
A11: Baderomsstøp | B11: 90 | C11: kg | D11: 22.5 | E11: kg/m2 | G11: Sparkel | H11: 1 | I11: kg | J11: 1 | K11: kg/m2 | M11: Flislim og fuger | N11: =H20*2 -> 8 | O11: kg | P11: 1 | Q11: kg | S11: Silikon | T11: =H18/2 -> 0.1 | U11: kg | V11: 0.1 | W11: kg | Z11: Sparkel | AA11: =H11*5 -> 5 | AB11: kg | AC11: 1 | AD11: kg
A12: Armering | B12: 2.4 | C12: kg | G12: Baderomsstøp | H12: 90 | I12: kg | J12: 22.5 | K12: kg/m2 | M12: Sisterne | N12: 1 | O12: pcs | P12: 1 | Q12: pcs | S12: Flislim og fuger | T12: =H20/2 -> 2 | U12: kg | V12: 2 | W12: kg | Z12: Baderomsstøp | AA12: =H12*5 -> 450 | AB12: kg | AC12: 22.5 | AD12: kg
A13: Varmekabler med feste | B13: 2.4 | C13: kg | G13: Armering | H13: 2.4 | I13: kg | J13: 2.4 | K13: kg/m2 | M13: Toalett | N13: 1 | O13: pcs | P13: 1 | Q13: pcs | Z13: Armering | AA13: =H13*5 -> 12 | AB13: kg | AC13: 2.4 | AD13: kg
A14: Masnejtter og tape | B14: 0.2 | C14: kg | G14: Varmekabler med feste | H14: 2.4 | I14: kg | J14: 2.4 | K14: kg/m2 | Z14: Varmekabler med feste | AA14: =H14*5 -> 12 | AB14: kg | AC14: 2.4 | AD14: kg
A15: Smøremembran | B15: 2.4 | C15: kg | G15: Masnejtter og tape | H15: 0.2 | I15: kg | J15: 0.2 | K15: kg/m2 | Z15: Masnejtter og tape | AA15: =H15*5 -> 1 | AB15: kg | AC15: 0.2 | AD15: kg
A16: Vann og avløpsrør | B16: 4.8 | C16: kg | G16: Smøremembran | H16: 2.4 | I16: kg | J16: 2.4 | K16: kg/m2 | Z16: Smøremembran | AA16: =H16*5 -> 12 | AB16: kg | AC16: 2.4 | AD16: kg
A17: Silikon | B17: 0.2 | C17: kg | G17: Vann og avløpsrør | H17: 4.8 | I17: kg | J17: 0 | K17: kg/m2 | Z17: Vann og avløpsrør | AA17: =H17*5 -> 24 | AB17: kg | AC17: 4.8 | AD17: kg
A18: Fliser | B18: 140.2 | C18: kg | D18: 100 | E18: kg/m2 | G18: Silikon | H18: 0.2 | I18: kg | J18: 0.2 | K18: kg/m2 | Z18: Silikon | AA18: =H18*5 -> 1 | AB18: kg | AC18: 0.2 | AD18: kg
A19: Flislim og fuger | B19: 4 | C19: kg | G19: Fliser | H19: 140.2 | I19: kg | J19: 25 | K19: kg/m2 | Z19: Fliser | AA19: =H19*5 -> 701 | AB19: kg | AC19: 25 | AD19: kg
A20: Sluk og slukrist | B20: 1 | C20: pcs | G20: Flislim og fuger | H20: 4 | I20: kg | J20: 4 | K20: kg/m2 | Z20: Flislim og fuger | AA20: =H20*5 -> 20 | AB20: kg | AC20: 4 | AD20: kg
A21: Sisterne | B21: 1 | C21: pcs | G21: Sluk og slukrist | H21: 1 | I21: pcs | J21: 1 | K21: pcs | Z21: Sluk og slukrist | AA21: 1 | AB21: pcs | AC21: 1 | AD21: pcs
A22: Toalett | B22: 1 | C22: pcs | G22: Sisterne | H22: 1 | I22: pcs | J22: 1 | K22: pcs | Z22: Sisterne | AA22: 0 | AB22: pcs | AC22: 1 | AD22: pcs
A23: Dusjevegger | B23: 1 | C23: pcs | G23: Toalett | H23: 1 | I23: pcs | J23: 1 | K23: pcs | Z23: Toalett | AA23: 0 | AB23: pcs | AC23: 1 | AD23: pcs
G24: Dusjevegger | H24: 1 | I24: pcs | J24: 1 | K24: pcs | Z24: Dusjevegger | AA24: =H24*5 -> 5 | AB24: pcs | AC24: 1 | AD24: pcs
A25: Baderomsinnredning | B25: 7 | C25: pcs | AC25: =SUM(AC6:AC24) -> 139.7

Sheet M-TETT original
B3: Rive badet | F3: Antall m2 | H3: 20
B4: Produkt | C4: Materialet | D4: Vekt 5 m2 | F4: Vekt X m2 | H4: EPD | I4: EPD alt. | J4: EPD alt 2 | K4: EPD alt 3
B5: Sponplater | C5: Trevirke | D5: 50 | E5: kg | F5: =$H$3*'Datagrunnlag original'!A2 -> 200 | G5: kg | H5: Spon
B6: Konstruksjonsmaterialet | C6: Trevirke | D6: 66 | E6: kg | F6: =$H$3*'Datagrunnlag original'!A3 -> 264 | G6: kg | H6: Trevirke lekting
B7: Rupanel | C7: Trevirke | D7: 180 | E7: kg | F7: =$H$3*'Datagrunnlag original'!A4 -> 720 | G7: kg | H7: Rupanel
B8: Membran plater | C8: XPS og glassfiber | D8: 44 | E8: kg | F8: =$H$3*'Datagrunnlag original'!A5 -> 176 | G8: kg | H8: Litex våtromsplate | I8: Membran plater
B9: Isolasjon | C9: Rockwool | D9: 14 | E9: kg | F9: =$H$3*'Datagrunnlag original'!A6 -> 56 | G9: kg | H9: rockwool
B10: Sparkel | C10: Jotun våtromsparkel | D10: 5 | E10: kg | F10: =$H$3*'Datagrunnlag original'!A7 -> 20 | G10: kg | H10: jotun våtromsparkel
B11: Baderomsstøp | C11: Avrettingsmasse | D11: 450 | E11: kg | F11: =$H$3*'Datagrunnlag original'!A8 -> 1800 | G11: kg | H11: avrettingsmasse
B12: Armering | C12: Stål | D12: 12 | E12: kg | F12: =$H$3*'Datagrunnlag original'!A9 -> 48 | G12: kg | H12: Armeringsnett
B13: Varmekabler med feste | C13: Plast og kobber | D13: 12 | E13: kg | F13: =$H$3*'Datagrunnlag original'!A10 -> 48 | G13: kg | H13: Varmekabel ØS varme
B14: Gips i taket | C14: Gips | D14: 93 | E14: kg | F14: =$H$3*'Datagrunnlag original'!A11 -> 372 | G14: kg | H14: Gipsplate
B15: Masnejtter og tape | C15: Plast | D15: 1 | E15: kg | F15: =$H$3*'Datagrunnlag original'!A12 -> 4 | G15: kg | H15: slukmansjett | I15: Peci Tape
B16: Smøremembran | D16: 12 | E16: kg | F16: =$H$3*'Datagrunnlag original'!A13 -> 48 | G16: kg | H16: PCI membran
B17: Vann og avløpsrør | C17: Plast | D17: 24 | E17: kg | F17: =$H$3*'Datagrunnlag original'!A14 -> 96 | G17: kg | H17: Rør i rør system roth mulitiplex | I17: Avløpskobling wavin-wafix
B18: Elektro, ledninger og stikk og belysning | C18: Plast,kobber stål | D18: 2 | E18: kg | F18: ='Datagrunnlag original'!A15*5 -> 2 | G18: kg | H18: Downlights SG eco | I18: Stikkkontakt Elko plus | J18: Thermostat Elko plus | K18: Korrigert rør
B19: Våtromsmaling | C19: Maling | D19: 3 | E19: kg | F19: =$H$3*'Datagrunnlag original'!A16 -> 12 | G19: kg | H19: Våtromsmaling
B20: Silikon | D20: 1 | E20: kg | F20: =$H$3*'Datagrunnlag original'!A17 -> 4 | G20: kg | H20: silikon
B21: Fliser | D21: =25*28.04 -> 701 | E21: kg | F21: =$H$3*'Datagrunnlag original'!A18 -> 2804 | G21: kg | H21: fliser
B22: Flislim og fuger | D22: 20 | E22: kg | F22: =$H$3*'Datagrunnlag original'!A19 -> 80 | G22: kg | H22: Flislim | I22: Fuging
B23: Sluk og slukrist | C23: Stål,plast | D23: 1 | E23: kg | F23: =$H$3*'Datagrunnlag original'!A20 -> 4 | G23: kg | H23: Sluk
B24: Toalett | C24: Porselen | D24: 24 | E24: kg | F24: =5*'Datagrunnlag original'!A21 -> 24 | G24: kg | H24: Gustavsberg toalett
B25: Dusjevegger | C25: Glass plast og stål | D25: 31 | E25: kg | F25: =5*'Datagrunnlag original'!A22 -> 31 | G25: kg | H25: Badekar og dusjkar
C27: Total | D27: =SUM(D5:D26) -> 1746 | E27: kg | F27: =SUM(F5:F26) -> 6813 | G27: kg
B29: Punktreperasjon
B30: Produkt | C30: Materialet | D30: Vekt 5m2 | F30: Vekt X m2 | H30: Kommentar
B31: Smøremembran | D31: 1 | F31: ='Datagrunnlag original'!A25*'M-TETT original'!$H$3 -> 4 | G31: kg | H31: PCI membran
B32: Erstatningsflis | D32: 25 | F32: ='Datagrunnlag original'!A26*'M-TETT original'!$H$3 -> 100 | G32: kg | H32: fliser
B33: Varmekabel lodding | D33: 0.1 | F33: ='Datagrunnlag original'!A27*'M-TETT original'!$H$3 -> 0.4 | G33: kg | H33: NEPD-3435-2046_TFXP-0-6-1kV-FleX-4G240-.pdf (epd-norge.no)
B34: Sluk | D34: 1 | F34: ='Datagrunnlag original'!A28*'M-TETT original'!$H$3 -> 4 | G34: kg | H34: Sluk
B35: Badromstøp | D35: 25 | F35: ='Datagrunnlag original'!A29*'M-TETT original'!$H$3 -> 100 | G35: kg | H35: PCI membran
B36: Masnejtter og tape | C36: Plast | D36: 1 | E36: kg | F36: ='Datagrunnlag original'!A30*'M-TETT original'!$H$3 -> 4 | G36: kg | H36: slukmansjett | I36: Peci Tape
B37: Membran plater | C37: XPS og glassfiber | D37: 2 | E37: kg | F37: ='Datagrunnlag original'!A31*'M-TETT original'!$H$3 -> 8 | G37: kg | H37: Litex våtromsplate | I37: Membran plater
C39: Totalt | D39: =SUM(D31:D37) -> 55.1 | F39: =SUM(F31:F38) -> 220.4 | G39: kg

Sheet Datagrunnlag original
A1: Datagrunnlag
A2: ='M-TETT original'!D5/5 -> 10
A3: ='M-TETT original'!D6/5 -> 13.2
A4: ='M-TETT original'!D7/5 -> 36
A5: ='M-TETT original'!D8/5 -> 8.8
A6: ='M-TETT original'!D9/5 -> 2.8
A7: ='M-TETT original'!D10/5 -> 1
A8: ='M-TETT original'!D11/5 -> 90
A9: ='M-TETT original'!D12/5 -> 2.4
A10: ='M-TETT original'!D13/5 -> 2.4
A11: ='M-TETT original'!D14/5 -> 18.6
A12: ='M-TETT original'!D15/5 -> 0.2
A13: ='M-TETT original'!D16/5 -> 2.4
... A22: ='M-TETT original'!D25/5 -> 6.2
A25: ='M-TETT original'!D31/5 -> 0.2
A26: ='M-TETT original'!D32/5 -> 5
A27: ='M-TETT original'!D33/5 -> 0.02
A28: ='M-TETT original'!D34/5 -> 0.2
A29: ='M-TETT original'!D35/5 -> 5
A30: ='M-TETT original'!D36/5 -> 0.2
A31: ='M-TETT original'!D37/5 -> 0.4

Sheet M-TEK original
B1: Rive badet
B2: Produkt | C2: Materialet | D2: Vekt | F2: Kommmentar
B3: Sponplater | C3: Trevirke | D3: 50 | E3: kg
B4: Rupanel | C4: Trevirke | D4: 180 | E4: kg
B5: Membran plater | C5: XPS og glassfiber | D5: 44 | E5: kg
B6: Baderomsstøp | C6: Avrettingsmasse | D6: 450 | E6: kg
B7: Armering | C7: Stål | D7: 12 | E7: kg
B8: Varmekabler med feste | C8: Plast og kobber | D8: 12 | E8: kg
B9: Gips i taket | C9: Gips | D9: 93 | E9: kg
B10: Smøremembran m mansjetter | D10: 12 | E10: kg
B11: Vann og avløpsrør | C11: Plast | D11: 24 | E11: kg
B12: Elektro, ledninger og stikk og belysning | C12: Plast,kobber stål | D12: 2 | E12: kg
B13: Våtromsmaling | C13: Maling | D13: 3 | E13: kg
B14: Silikon | D14: 1 | E14: kg
B15: Fliser | D15: =25*28.04 -> 701 | E15: kg
B16: Flislim og fuger | D16: 20 | E16: kg
B17: Sluk og slukrist | C17: Stål,plast | D17: 1 | E17: kg
B18: Sisterne | C18: Stål, isipor og plast | D18: 17 | E18: kg
B19: Toalett | C19: Porselen | D19: 24 | E19: kg
B20: Dusjevegger | C20: Glass plast og stål | D20: 31 | E20: kg
B21: Baderomsinnredning | C21: Tre,porselen, plast stål | D21: 35 | E21: kg
C22: Total | D22: =SUM(D3:D21) -> 1712 | E22: kg
B28: Punktreperasjon
B29: Produkt | C29: Materialet | D29: Vekt | F29: Kommentar
B30: Smøremembran | D30: 1
B31: Erstatningsflis | D31: 25
B32: Varmekabel lodding | D32: 0.1
B33: Sluk | D33: 1
B34: Badromstøp | D34: 25
C35: Totalt | D35: =SUM(D30:D34) -> 52.1
B37: hvilken reperasjon.

Sheet Transport original
A1: Utslipp knyttet til transport, kvalitetssikre gjerne disse:
A3: Basert på produkter/tjenester levert fra grossist/utsalgssted lokalt, øvrig transport frem til utsalgssted er ikke hensyntatt (20 km en vei)
A4: Basert på tre besøk (t/r) på skadested for slukreparasjon (M-TETT)
A5: Basert på et besøk (t/r) på skadested for varmekablelreparasjon (M-TEK)
A6: Basert på fire besøk (t/r) på skadested for nytt gulv (M-TEK)
A7: CO2/km liten varebil 147 g
B9: KM t/r | C9: Dager | D9: Biler/dag | E9: CO2/KM | F9: Utslipp/jobb
A10: Slukrep (M-TETT) | B10: 40 | C10: 3 | D10: 1 | E10: 0.000147 | F10: =B10*C10*D10*E10 -> 0.01764
A11: Varmekabelrep (M-TEK) | B11: 40 | C11: 1 | D11: 1 | E11: 0.000147 | F11: =B11*C11*D11*E11 -> 0.00588
A12: Nytt gulv (M-TEK) | B12: 40 | C12: 4 | D12: 1 | E12: 0.000147 | F12: =B12*C12*D12*E12 -> 0.02352
A13: Rehabilitering/riving (alternativ løsning) | B13: 40 | C13: 20 | D13: 1.5 | E13: 0.000147 | F13: =B13*C13*D13*E13 -> 0.1764
